timestamp,length,cyk_time_sec,extract_trees_time_sec,tree_count
2026-06-02 17:44:15,1,0.000026,0.000040,1
2026-06-02 17:44:15,1,0.000015,0.000015,1
2026-06-02 17:44:15,2,0.000175,0.000109,3
2026-06-02 17:44:15,2,0.000050,0.000046,3
2026-06-02 17:44:15,3,0.000113,0.000060,2
2026-06-02 17:44:15,3,0.000099,0.000059,2
2026-06-02 17:44:15,4,0.000237,0.000119,4
2026-06-02 17:44:15,4,0.000144,0.000111,4
2026-06-02 17:44:15,5,0.000476,0.000325,16
2026-06-02 17:44:15,5,0.000542,0.000499,16
2026-06-02 17:44:15,6,0.000382,0.000171,8
2026-06-02 17:44:15,6,0.000513,0.000248,8
2026-06-02 17:44:15,7,0.000700,0.000751,96
2026-06-02 17:44:15,7,0.000693,0.000511,96
2026-06-02 17:44:15,8,0.000733,0.000477,44
2026-06-02 17:44:15,8,0.000617,0.000574,44
2026-06-02 17:44:15,9,0.001120,0.001236,268
2026-06-02 17:44:15,9,0.001090,0.001359,268
2026-06-02 17:44:15,10,0.001355,0.004149,1436
2026-06-02 17:44:15,10,0.001855,0.004230,1436
2026-06-02 17:44:15,11,0.002316,0.001777,362
2026-06-02 17:44:15,11,0.002334,0.002153,362
2026-06-02 17:44:15,12,0.002745,0.001815,480
2026-06-02 17:44:15,12,0.002294,0.001670,480
2026-06-02 17:44:15,13,0.003434,0.030056,11032
2026-06-02 17:44:15,13,0.003244,0.015106,11032
2026-06-02 17:44:15,14,0.003584,0.003400,1600
2026-06-02 17:44:15,14,0.003925,0.018368,1600
2026-06-02 17:44:15,15,0.004653,0.009852,8748
2026-06-02 17:44:15,15,0.004368,0.026457,8748
2026-06-02 17:44:15,16,0.006401,0.007619,3362
2026-06-02 17:44:15,16,0.005066,0.006846,3362
2026-06-02 17:44:15,17,0.005717,0.028932,13374
2026-06-02 17:44:15,17,0.005360,0.011825,13374
2026-06-02 17:44:15,18,0.012118,2.716287,937755
2026-06-02 17:44:15,18,0.019654,2.915410,937755
2026-06-02 17:44:15,19,0.013776,0.806562,157544
2026-06-02 17:44:15,19,0.024956,0.720418,157544
2026-06-02 17:44:15,20,0.036915,13.210098,2776928
2026-06-02 17:44:15,20,0.023248,12.345470,2776928
2026-06-02 18:35:21,1,0.000022,0.000022,1
2026-06-02 18:35:21,1,0.000015,0.000012,1
2026-06-02 18:35:21,1,0.000011,0.000011,1
2026-06-02 18:35:21,1,0.000011,0.000010,1
2026-06-02 18:35:21,1,0.000016,0.000032,1
2026-06-02 18:35:21,1,0.000010,0.000010,1
2026-06-02 18:35:21,1,0.000099,0.000014,1
2026-06-02 18:35:21,1,0.000011,0.000011,1
2026-06-02 18:35:21,1,0.000010,0.000010,1
2026-06-02 18:35:21,1,0.000010,0.000010,1
2026-06-02 18:35:21,1,0.000010,0.000010,1
2026-06-02 18:35:21,1,0.000010,0.000010,1
2026-06-02 18:35:21,1,0.000010,0.000010,1
2026-06-02 18:35:21,1,0.000010,0.000010,1
2026-06-02 18:35:21,1,0.000010,0.000009,1
2026-06-02 18:35:21,1,0.000011,0.000010,1
2026-06-02 18:35:21,1,0.000027,0.000026,1
2026-06-02 18:35:21,1,0.000010,0.000009,1
2026-06-02 18:35:21,1,0.000010,0.000009,1
2026-06-02 18:35:21,1,0.000009,0.000009,1
2026-06-02 18:35:21,1,0.000010,0.000010,1
2026-06-02 18:35:21,1,0.000009,0.000009,1
2026-06-02 18:35:21,1,0.000009,0.000009,1
2026-06-02 18:35:21,1,0.000009,0.000009,1
2026-06-02 18:35:21,1,0.000009,0.000012,1
2026-06-02 18:35:21,1,0.000010,0.000009,1
2026-06-02 18:35:21,1,0.000037,0.000011,1
2026-06-02 18:35:21,1,0.000010,0.000009,1
2026-06-02 18:35:21,1,0.000010,0.000009,1
2026-06-02 18:35:21,1,0.000009,0.000009,1
2026-06-02 18:35:21,1,0.000009,0.000009,1
2026-06-02 18:35:21,1,0.000009,0.000009,1
2026-06-02 18:35:21,1,0.000009,0.000009,1
2026-06-02 18:35:21,1,0.000010,0.000009,1
2026-06-02 18:35:21,1,0.000010,0.000009,1
2026-06-02 18:35:21,1,0.000009,0.000009,1
2026-06-02 18:35:21,1,0.000010,0.000009,1
2026-06-02 18:35:21,1,0.000009,0.000009,1
2026-06-02 18:35:21,1,0.000009,0.000009,1
2026-06-02 18:35:21,1,0.000009,0.000009,1
2026-06-02 18:35:21,1,0.000027,0.000009,1
2026-06-02 18:35:21,1,0.000009,0.000010,1
2026-06-02 18:35:21,1,0.000009,0.000009,1
2026-06-02 18:35:21,1,0.000009,0.000014,1
2026-06-02 18:35:21,1,0.000010,0.000009,1
2026-06-02 18:35:21,1,0.000010,0.000009,1
2026-06-02 18:35:21,1,0.000010,0.000009,1
2026-06-02 18:35:21,1,0.000009,0.000009,1
2026-06-02 18:35:21,1,0.000010,0.000009,1
2026-06-02 18:35:21,1,0.000010,0.000009,1
2026-06-02 18:35:21,1,0.000010,0.000009,1
2026-06-02 18:35:21,1,0.000009,0.000009,1
2026-06-02 18:35:21,1,0.000009,0.000009,1
2026-06-02 18:35:21,1,0.000010,0.000022,1
2026-06-02 18:35:21,1,0.000009,0.000009,1
2026-06-02 18:35:21,1,0.000010,0.000009,1
2026-06-02 18:35:21,1,0.000010,0.000009,1
2026-06-02 18:35:21,1,0.000009,0.000009,1
2026-06-02 18:35:21,1,0.000009,0.000009,1
2026-06-02 18:35:21,1,0.000009,0.000009,1
2026-06-02 18:35:21,1,0.000012,0.000011,1
2026-06-02 18:35:21,1,0.000010,0.000029,1
2026-06-02 18:35:21,1,0.000010,0.000009,1
2026-06-02 18:35:21,1,0.000009,0.000009,1
2026-06-02 18:35:21,1,0.000010,0.000009,1
2026-06-02 18:35:21,1,0.000012,0.000011,1
2026-06-02 18:35:21,1,0.000009,0.000012,1
2026-06-02 18:35:21,1,0.000010,0.000009,1
2026-06-02 18:35:21,1,0.000009,0.000009,1
2026-06-02 18:35:21,1,0.000010,0.000009,1
2026-06-02 18:35:21,1,0.000010,0.000009,1
2026-06-02 18:35:21,1,0.000010,0.000009,1
2026-06-02 18:35:21,1,0.000010,0.000009,1
2026-06-02 18:35:21,1,0.000009,0.000009,1
2026-06-02 18:35:21,1,0.000010,0.000009,1
2026-06-02 18:35:21,1,0.000009,0.000009,1
2026-06-02 18:35:21,1,0.000009,0.000009,1
2026-06-02 18:35:21,1,0.000009,0.000009,1
2026-06-02 18:35:21,1,0.000009,0.000028,1
2026-06-02 18:35:21,1,0.000010,0.000009,1
2026-06-02 18:35:21,1,0.000009,0.000009,1
2026-06-02 18:35:21,1,0.000009,0.000009,1
2026-06-02 18:35:21,1,0.000009,0.000009,1
2026-06-02 18:35:21,1,0.000010,0.000009,1
2026-06-02 18:35:21,1,0.000009,0.000009,1
2026-06-02 18:35:21,1,0.000009,0.000009,1
2026-06-02 18:35:21,1,0.000009,0.000009,1
2026-06-02 18:35:21,1,0.000009,0.000009,1
2026-06-02 18:35:21,1,0.000010,0.000009,1
2026-06-02 18:35:21,1,0.000009,0.000009,1
2026-06-02 18:35:21,1,0.000010,0.000009,1
2026-06-02 18:35:21,1,0.000010,0.000009,1
2026-06-02 18:35:21,1,0.000023,0.000009,1
2026-06-02 18:35:21,1,0.000009,0.000009,1
2026-06-02 18:35:21,1,0.000009,0.000009,1
2026-06-02 18:35:21,1,0.000009,0.000009,1
2026-06-02 18:35:21,1,0.000010,0.000009,1
2026-06-02 18:35:21,1,0.000010,0.000009,1
2026-06-02 18:35:21,1,0.000009,0.000009,1
2026-06-02 18:35:21,1,0.000010,0.000009,1
2026-06-02 18:35:21,2,0.000061,0.000081,3
2026-06-02 18:35:21,2,0.000048,0.000044,3
2026-06-02 18:35:21,2,0.000046,0.000041,3
2026-06-02 18:35:21,2,0.000045,0.000042,3
2026-06-02 18:35:21,2,0.000044,0.000041,3
2026-06-02 18:35:21,2,0.000071,0.000041,3
2026-06-02 18:35:21,2,0.000044,0.000042,3
2026-06-02 18:35:21,2,0.000044,0.000041,3
2026-06-02 18:35:21,2,0.000044,0.000041,3
2026-06-02 18:35:21,2,0.000044,0.000041,3
2026-06-02 18:35:21,2,0.000045,0.000044,3
2026-06-02 18:35:21,2,0.000044,0.000041,3
2026-06-02 18:35:21,2,0.000045,0.000041,3
2026-06-02 18:35:21,2,0.000048,0.000074,3
2026-06-02 18:35:21,2,0.000044,0.000040,3
2026-06-02 18:35:21,2,0.000044,0.000041,3
2026-06-02 18:35:21,2,0.000043,0.000041,3
2026-06-02 18:35:21,2,0.000044,0.000040,3
2026-06-02 18:35:21,2,0.000044,0.000041,3
2026-06-02 18:35:21,2,0.000044,0.000040,3
2026-06-02 18:35:21,2,0.000044,0.000040,3
2026-06-02 18:35:21,2,0.000043,0.000040,3
2026-06-02 18:35:21,2,0.000087,0.000072,3
2026-06-02 18:35:21,2,0.000044,0.000040,3
2026-06-02 18:35:21,2,0.000044,0.000040,3
2026-06-02 18:35:21,2,0.000043,0.000040,3
2026-06-02 18:35:21,2,0.000044,0.000040,3
2026-06-02 18:35:21,2,0.000045,0.000040,3
2026-06-02 18:35:21,2,0.000044,0.000041,3
2026-06-02 18:35:21,2,0.000044,0.000040,3
2026-06-02 18:35:21,2,0.000064,0.000042,3
2026-06-02 18:35:21,2,0.000047,0.000042,3
2026-06-02 18:35:21,2,0.000046,0.000043,3
2026-06-02 18:35:21,2,0.000047,0.000042,3
2026-06-02 18:35:21,2,0.000046,0.000042,3
2026-06-02 18:35:21,2,0.000069,0.000042,3
2026-06-02 18:35:21,2,0.000046,0.000043,3
2026-06-02 18:35:21,2,0.000056,0.000051,3
2026-06-02 18:35:21,2,0.000055,0.000049,3
2026-06-02 18:35:21,2,0.000055,0.000050,3
2026-06-02 18:35:21,2,0.000055,0.000065,3
2026-06-02 18:35:21,2,0.000073,0.000105,3
2026-06-02 18:35:21,2,0.000057,0.000050,3
2026-06-02 18:35:21,2,0.000050,0.000046,3
2026-06-02 18:35:21,2,0.000049,0.000045,3
2026-06-02 18:35:21,2,0.000051,0.000046,3
2026-06-02 18:35:21,2,0.000048,0.000045,3
2026-06-02 18:35:21,2,0.000047,0.000043,3
2026-06-02 18:35:21,2,0.000047,0.000043,3
2026-06-02 18:35:21,2,0.000047,0.000043,3
2026-06-02 18:35:21,2,0.000046,0.000043,3
2026-06-02 18:35:21,2,0.000046,0.000042,3
2026-06-02 18:35:21,2,0.000046,0.000043,3
2026-06-02 18:35:21,2,0.000074,0.000088,3
2026-06-02 18:35:21,2,0.000048,0.000045,3
2026-06-02 18:35:21,2,0.000095,0.000065,3
2026-06-02 18:35:21,2,0.000047,0.000043,3
2026-06-02 18:35:21,2,0.000045,0.000041,3
2026-06-02 18:35:21,2,0.000044,0.000041,3
2026-06-02 18:35:21,2,0.000045,0.000097,3
2026-06-02 18:35:21,2,0.000104,0.000077,3
2026-06-02 18:35:21,2,0.000048,0.000078,3
2026-06-02 18:35:21,2,0.000094,0.000046,3
2026-06-02 18:35:21,2,0.000048,0.000045,3
2026-06-02 18:35:21,2,0.000047,0.000043,3
2026-06-02 18:35:21,2,0.000044,0.000041,3
2026-06-02 18:35:21,2,0.000045,0.000041,3
2026-06-02 18:35:21,2,0.000045,0.000041,3
2026-06-02 18:35:21,2,0.000044,0.000041,3
2026-06-02 18:35:21,2,0.000044,0.000041,3
2026-06-02 18:35:21,2,0.000116,0.000078,3
2026-06-02 18:35:21,2,0.000044,0.000041,3
2026-06-02 18:35:21,2,0.000044,0.000041,3
2026-06-02 18:35:21,2,0.000044,0.000041,3
2026-06-02 18:35:21,2,0.000081,0.000068,3
2026-06-02 18:35:21,2,0.000044,0.000041,3
2026-06-02 18:35:21,2,0.000044,0.000041,3
2026-06-02 18:35:21,2,0.000044,0.000041,3
2026-06-02 18:35:21,2,0.000044,0.000042,3
2026-06-02 18:35:21,2,0.000045,0.000041,3
2026-06-02 18:35:21,2,0.000044,0.000041,3
2026-06-02 18:35:21,2,0.000045,0.000041,3
2026-06-02 18:35:21,2,0.000045,0.000041,3
2026-06-02 18:35:21,2,0.000045,0.000042,3
2026-06-02 18:35:21,2,0.000045,0.000041,3
2026-06-02 18:35:21,2,0.000044,0.000041,3
2026-06-02 18:35:21,2,0.000044,0.000041,3
2026-06-02 18:35:21,2,0.000045,0.000084,3
2026-06-02 18:35:21,2,0.000045,0.000041,3
2026-06-02 18:35:21,2,0.000045,0.000041,3
2026-06-02 18:35:21,2,0.000044,0.000041,3
2026-06-02 18:35:21,2,0.000045,0.000041,3
2026-06-02 18:35:21,2,0.000058,0.000041,3
2026-06-02 18:35:21,2,0.000045,0.000041,3
2026-06-02 18:35:21,2,0.000045,0.000041,3
2026-06-02 18:35:21,2,0.000044,0.000041,3
2026-06-02 18:35:21,2,0.000051,0.000041,3
2026-06-02 18:35:21,2,0.000044,0.000041,3
2026-06-02 18:35:21,2,0.000044,0.000041,3
2026-06-02 18:35:21,2,0.000043,0.000041,3
2026-06-02 18:35:21,3,0.000102,0.000061,2
2026-06-02 18:35:21,3,0.000092,0.000055,2
2026-06-02 18:35:21,3,0.000109,0.000077,2
2026-06-02 18:35:21,3,0.000090,0.000058,2
2026-06-02 18:35:21,3,0.000089,0.000054,2
2026-06-02 18:35:21,3,0.000089,0.000055,2
2026-06-02 18:35:21,3,0.000093,0.000056,2
2026-06-02 18:35:21,3,0.000094,0.000056,2
2026-06-02 18:35:21,3,0.000112,0.000067,2
2026-06-02 18:35:21,3,0.000126,0.000068,2
2026-06-02 18:35:21,3,0.000089,0.000055,2
2026-06-02 18:35:21,3,0.000089,0.000100,2
2026-06-02 18:35:21,3,0.000090,0.000054,2
2026-06-02 18:35:21,3,0.000089,0.000054,2
2026-06-02 18:35:21,3,0.000089,0.000062,2
2026-06-02 18:35:21,3,0.000090,0.000055,2
2026-06-02 18:35:21,3,0.000090,0.000054,2
2026-06-02 18:35:21,3,0.000089,0.000055,2
2026-06-02 18:35:21,3,0.000089,0.000054,2
2026-06-02 18:35:21,3,0.000090,0.000055,2
2026-06-02 18:35:21,3,0.000088,0.000054,2
2026-06-02 18:35:21,3,0.000089,0.000054,2
2026-06-02 18:35:21,3,0.000089,0.000054,2
2026-06-02 18:35:21,3,0.000090,0.000055,2
2026-06-02 18:35:21,3,0.000089,0.000054,2
2026-06-02 18:35:21,3,0.000089,0.000054,2
2026-06-02 18:35:21,3,0.000090,0.000054,2
2026-06-02 18:35:21,3,0.000090,0.000054,2
2026-06-02 18:35:21,3,0.000089,0.000054,2
2026-06-02 18:35:21,3,0.000089,0.000055,2
2026-06-02 18:35:21,3,0.000093,0.000054,2
2026-06-02 18:35:21,3,0.000089,0.000055,2
2026-06-02 18:35:21,3,0.000090,0.000055,2
2026-06-02 18:35:21,3,0.000093,0.000055,2
2026-06-02 18:35:21,3,0.000089,0.000054,2
2026-06-02 18:35:21,3,0.000089,0.000057,2
2026-06-02 18:35:21,3,0.000089,0.000058,2
2026-06-02 18:35:21,3,0.000090,0.000054,2
2026-06-02 18:35:21,3,0.000089,0.000055,2
2026-06-02 18:35:21,3,0.000090,0.000055,2
2026-06-02 18:35:21,3,0.000091,0.000055,2
2026-06-02 18:35:21,3,0.000090,0.000055,2
2026-06-02 18:35:21,3,0.000091,0.000055,2
2026-06-02 18:35:21,3,0.000090,0.000055,2
2026-06-02 18:35:21,3,0.000091,0.000055,2
2026-06-02 18:35:21,3,0.000089,0.000055,2
2026-06-02 18:35:21,3,0.000091,0.000054,2
2026-06-02 18:35:21,3,0.000090,0.000055,2
2026-06-02 18:35:21,3,0.000089,0.000054,2
2026-06-02 18:35:21,3,0.000090,0.000055,2
2026-06-02 18:35:21,3,0.000091,0.000054,2
2026-06-02 18:35:21,3,0.000090,0.000055,2
2026-06-02 18:35:21,3,0.000090,0.000055,2
2026-06-02 18:35:21,3,0.000090,0.000055,2
2026-06-02 18:35:21,3,0.000095,0.000057,2
2026-06-02 18:35:21,3,0.000170,0.000141,2
2026-06-02 18:35:21,3,0.000094,0.000056,2
2026-06-02 18:35:21,3,0.000194,0.000055,2
2026-06-02 18:35:21,3,0.000090,0.000055,2
2026-06-02 18:35:21,3,0.000089,0.000054,2
2026-06-02 18:35:21,3,0.000109,0.000055,2
2026-06-02 18:35:21,3,0.000090,0.000062,2
2026-06-02 18:35:21,3,0.000090,0.000055,2
2026-06-02 18:35:21,3,0.000090,0.000055,2
2026-06-02 18:35:21,3,0.000090,0.000073,2
2026-06-02 18:35:21,3,0.000089,0.000055,2
2026-06-02 18:35:21,3,0.000154,0.000097,2
2026-06-02 18:35:21,3,0.000091,0.000058,2
2026-06-02 18:35:21,3,0.000136,0.000055,2
2026-06-02 18:35:21,3,0.000090,0.000055,2
2026-06-02 18:35:21,3,0.000090,0.000054,2
2026-06-02 18:35:21,3,0.000136,0.000055,2
2026-06-02 18:35:21,3,0.000089,0.000055,2
2026-06-02 18:35:21,3,0.000089,0.000055,2
2026-06-02 18:35:21,3,0.000127,0.000055,2
2026-06-02 18:35:21,3,0.000091,0.000055,2
2026-06-02 18:35:21,3,0.000090,0.000055,2
2026-06-02 18:35:21,3,0.000095,0.000055,2
2026-06-02 18:35:21,3,0.000107,0.000055,2
2026-06-02 18:35:21,3,0.000090,0.000055,2
2026-06-02 18:35:21,3,0.000093,0.000054,2
2026-06-02 18:35:21,3,0.000089,0.000054,2
2026-06-02 18:35:21,3,0.000090,0.000055,2
2026-06-02 18:35:21,3,0.000093,0.000056,2
2026-06-02 18:35:21,3,0.000090,0.000055,2
2026-06-02 18:35:21,3,0.000090,0.000055,2
2026-06-02 18:35:21,3,0.000090,0.000059,2
2026-06-02 18:35:21,3,0.000090,0.000054,2
2026-06-02 18:35:21,3,0.000090,0.000054,2
2026-06-02 18:35:21,3,0.000090,0.000055,2
2026-06-02 18:35:21,3,0.000089,0.000054,2
2026-06-02 18:35:21,3,0.000090,0.000054,2
2026-06-02 18:35:21,3,0.000091,0.000055,2
2026-06-02 18:35:21,3,0.000089,0.000055,2
2026-06-02 18:35:21,3,0.000089,0.000055,2
2026-06-02 18:35:21,3,0.000090,0.000055,2
2026-06-02 18:35:21,3,0.000091,0.000055,2
2026-06-02 18:35:21,3,0.000090,0.000053,2
2026-06-02 18:35:21,3,0.000090,0.000059,2
2026-06-02 18:35:21,3,0.000090,0.000055,2
2026-06-02 18:35:21,4,0.000145,0.000112,4
2026-06-02 18:35:21,4,0.000169,0.000105,4
2026-06-02 18:35:21,4,0.000135,0.000103,4
2026-06-02 18:35:21,4,0.000157,0.000119,4
2026-06-02 18:35:21,4,0.000135,0.000127,4
2026-06-02 18:35:21,4,0.000143,0.000129,4
2026-06-02 18:35:21,4,0.000160,0.000111,4
2026-06-02 18:35:21,4,0.000134,0.000113,4
2026-06-02 18:35:21,4,0.000135,0.000131,4
2026-06-02 18:35:21,4,0.000135,0.000104,4
2026-06-02 18:35:21,4,0.000166,0.000104,4
2026-06-02 18:35:21,4,0.000134,0.000103,4
2026-06-02 18:35:21,4,0.000211,0.000105,4
2026-06-02 18:35:21,4,0.000134,0.000104,4
2026-06-02 18:35:21,4,0.000135,0.000139,4
2026-06-02 18:35:21,4,0.000133,0.000103,4
2026-06-02 18:35:21,4,0.000134,0.000104,4
2026-06-02 18:35:21,4,0.000136,0.000104,4
2026-06-02 18:35:21,4,0.000134,0.000104,4
2026-06-02 18:35:21,4,0.000170,0.000104,4
2026-06-02 18:35:21,4,0.000134,0.000104,4
2026-06-02 18:35:21,4,0.000134,0.000138,4
2026-06-02 18:35:21,4,0.000135,0.000105,4
2026-06-02 18:35:21,4,0.000135,0.000104,4
2026-06-02 18:35:21,4,0.000136,0.000104,4
2026-06-02 18:35:21,4,0.000135,0.000104,4
2026-06-02 18:35:21,4,0.000150,0.000105,4
2026-06-02 18:35:21,4,0.000135,0.000105,4
2026-06-02 18:35:21,4,0.000155,0.000119,4
2026-06-02 18:35:21,4,0.000134,0.000103,4
2026-06-02 18:35:21,4,0.000168,0.000139,4
2026-06-02 18:35:21,4,0.000155,0.000119,4
2026-06-02 18:35:21,4,0.000135,0.000103,4
2026-06-02 18:35:21,4,0.000134,0.000104,4
2026-06-02 18:35:21,4,0.000134,0.000104,4
2026-06-02 18:35:21,4,0.000137,0.000104,4
2026-06-02 18:35:21,4,0.000134,0.000103,4
2026-06-02 18:35:21,4,0.000134,0.000110,4
2026-06-02 18:35:21,4,0.000133,0.000104,4
2026-06-02 18:35:21,4,0.000136,0.000127,4
2026-06-02 18:35:21,4,0.000143,0.000127,4
2026-06-02 18:35:21,4,0.000199,0.000158,4
2026-06-02 18:35:21,4,0.000191,0.000152,4
2026-06-02 18:35:21,4,0.000134,0.000183,4
2026-06-02 18:35:21,4,0.000184,0.000154,4
2026-06-02 18:35:21,4,0.000197,0.000126,4
2026-06-02 18:35:21,4,0.000134,0.000103,4
2026-06-02 18:35:21,4,0.000232,0.000124,4
2026-06-02 18:35:21,4,0.000145,0.000111,4
2026-06-02 18:35:21,4,0.000211,0.000123,4
2026-06-02 18:35:21,4,0.000145,0.000111,4
2026-06-02 18:35:21,4,0.000204,0.000104,4
2026-06-02 18:35:21,4,0.000133,0.000103,4
2026-06-02 18:35:21,4,0.000135,0.000152,4
2026-06-02 18:35:21,4,0.000135,0.000103,4
2026-06-02 18:35:21,4,0.000135,0.000104,4
2026-06-02 18:35:21,4,0.000135,0.000103,4
2026-06-02 18:35:21,4,0.000134,0.000104,4
2026-06-02 18:35:21,4,0.000138,0.000105,4
2026-06-02 18:35:21,4,0.000136,0.000104,4
2026-06-02 18:35:21,4,0.000135,0.000108,4
2026-06-02 18:35:21,4,0.000134,0.000104,4
2026-06-02 18:35:21,4,0.000134,0.000108,4
2026-06-02 18:35:21,4,0.000135,0.000107,4
2026-06-02 18:35:21,4,0.000134,0.000104,4
2026-06-02 18:35:21,4,0.000138,0.000104,4
2026-06-02 18:35:21,4,0.000138,0.000104,4
2026-06-02 18:35:21,4,0.000134,0.000104,4
2026-06-02 18:35:21,4,0.000136,0.000104,4
2026-06-02 18:35:21,4,0.000134,0.000105,4
2026-06-02 18:35:21,4,0.000137,0.000104,4
2026-06-02 18:35:21,4,0.000134,0.000104,4
2026-06-02 18:35:21,4,0.000135,0.000108,4
2026-06-02 18:35:21,4,0.000135,0.000105,4
2026-06-02 18:35:21,4,0.000135,0.000105,4
2026-06-02 18:35:21,4,0.000136,0.000105,4
2026-06-02 18:35:21,4,0.000160,0.000110,4
2026-06-02 18:35:21,4,0.000248,0.000113,4
2026-06-02 18:35:21,4,0.000206,0.000212,4
2026-06-02 18:35:21,4,0.000140,0.000108,4
2026-06-02 18:35:21,4,0.000137,0.000113,4
2026-06-02 18:35:21,4,0.000137,0.000105,4
2026-06-02 18:35:21,4,0.000186,0.000141,4
2026-06-02 18:35:21,4,0.000136,0.000105,4
2026-06-02 18:35:21,4,0.000135,0.000104,4
2026-06-02 18:35:21,4,0.000216,0.000104,4
2026-06-02 18:35:21,4,0.000134,0.000105,4
2026-06-02 18:35:21,4,0.000135,0.000104,4
2026-06-02 18:35:21,4,0.000136,0.000105,4
2026-06-02 18:35:21,4,0.000136,0.000105,4
2026-06-02 18:35:21,4,0.000134,0.000104,4
2026-06-02 18:35:21,4,0.000190,0.000106,4
2026-06-02 18:35:21,4,0.000136,0.000104,4
2026-06-02 18:35:21,4,0.000143,0.000166,4
2026-06-02 18:35:21,4,0.000135,0.000104,4
2026-06-02 18:35:21,4,0.000155,0.000150,4
2026-06-02 18:35:21,4,0.000135,0.000103,4
2026-06-02 18:35:21,4,0.000136,0.000104,4
2026-06-02 18:35:21,4,0.000138,0.000105,4
2026-06-02 18:35:21,4,0.000134,0.000104,4
2026-06-02 18:35:21,5,0.000472,0.000408,16
2026-06-02 18:35:21,5,0.000482,0.000261,16
2026-06-02 18:35:21,5,0.000473,0.000263,16
2026-06-02 18:35:21,5,0.000506,0.000273,16
2026-06-02 18:35:21,5,0.000562,0.000375,16
2026-06-02 18:35:21,5,0.000564,0.000436,16
2026-06-02 18:35:21,5,0.000552,0.000277,16
2026-06-02 18:35:21,5,0.000584,0.000276,16
2026-06-02 18:35:21,5,0.000483,0.000484,16
2026-06-02 18:35:21,5,0.000496,0.000262,16
2026-06-02 18:35:21,5,0.000589,0.000258,16
2026-06-02 18:35:21,5,0.000470,0.000258,16
2026-06-02 18:35:21,5,0.000550,0.000260,16
2026-06-02 18:35:21,5,0.000452,0.000258,16
2026-06-02 18:35:21,5,0.000420,0.000259,16
2026-06-02 18:35:21,5,0.000402,0.000259,16
2026-06-02 18:35:21,5,0.000401,0.000259,16
2026-06-02 18:35:21,5,0.000405,0.000258,16
2026-06-02 18:35:21,5,0.000399,0.000296,16
2026-06-02 18:35:21,5,0.000635,0.000375,16
2026-06-02 18:35:21,5,0.000502,0.000266,16
2026-06-02 18:35:21,5,0.000470,0.000258,16
2026-06-02 18:35:21,5,0.000615,0.000258,16
2026-06-02 18:35:21,5,0.000424,0.000259,16
2026-06-02 18:35:21,5,0.000403,0.000259,16
2026-06-02 18:35:21,5,0.000401,0.000257,16
2026-06-02 18:35:21,5,0.000403,0.000258,16
2026-06-02 18:35:21,5,0.000401,0.000257,16
2026-06-02 18:35:21,5,0.000401,0.000259,16
2026-06-02 18:35:21,5,0.000400,0.000257,16
2026-06-02 18:35:21,5,0.000401,0.000258,16
2026-06-02 18:35:21,5,0.000400,0.000257,16
2026-06-02 18:35:21,5,0.000400,0.000258,16
2026-06-02 18:35:21,5,0.000405,0.000257,16
2026-06-02 18:35:21,5,0.000407,0.000261,16
2026-06-02 18:35:21,5,0.000406,0.000257,16
2026-06-02 18:35:21,5,0.000404,0.000257,16
2026-06-02 18:35:21,5,0.000405,0.000258,16
2026-06-02 18:35:21,5,0.000404,0.000297,16
2026-06-02 18:35:21,5,0.000476,0.000259,16
2026-06-02 18:35:21,5,0.000405,0.000258,16
2026-06-02 18:35:21,5,0.000405,0.000258,16
2026-06-02 18:35:21,5,0.000404,0.000258,16
2026-06-02 18:35:21,5,0.000404,0.000259,16
2026-06-02 18:35:21,5,0.000404,0.000259,16
2026-06-02 18:35:21,5,0.000406,0.000257,16
2026-06-02 18:35:21,5,0.000401,0.000263,16
2026-06-02 18:35:21,5,0.000403,0.000262,16
2026-06-02 18:35:21,5,0.000403,0.000262,16
2026-06-02 18:35:21,5,0.000402,0.000260,16
2026-06-02 18:35:21,5,0.000402,0.000261,16
2026-06-02 18:35:21,5,0.000403,0.000262,16
2026-06-02 18:35:21,5,0.000403,0.000262,16
2026-06-02 18:35:21,5,0.000403,0.000259,16
2026-06-02 18:35:21,5,0.000400,0.000257,16
2026-06-02 18:35:21,5,0.000404,0.000259,16
2026-06-02 18:35:21,5,0.000402,0.000259,16
2026-06-02 18:35:21,5,0.000403,0.000257,16
2026-06-02 18:35:21,5,0.000402,0.000258,16
2026-06-02 18:35:21,5,0.000419,0.000279,16
2026-06-02 18:35:21,5,0.000400,0.000259,16
2026-06-02 18:35:21,5,0.000422,0.000276,16
2026-06-02 18:35:21,5,0.000401,0.000259,16
2026-06-02 18:35:21,5,0.000402,0.000257,16
2026-06-02 18:35:21,5,0.000405,0.000258,16
2026-06-02 18:35:21,5,0.000406,0.000262,16
2026-06-02 18:35:21,5,0.000405,0.000257,16
2026-06-02 18:35:21,5,0.000406,0.000258,16
2026-06-02 18:35:21,5,0.000404,0.000256,16
2026-06-02 18:35:21,5,0.000423,0.000259,16
2026-06-02 18:35:21,5,0.000407,0.000257,16
2026-06-02 18:35:21,5,0.000404,0.000258,16
2026-06-02 18:35:21,5,0.000406,0.000259,16
2026-06-02 18:35:21,5,0.000406,0.000259,16
2026-06-02 18:35:21,5,0.000405,0.000259,16
2026-06-02 18:35:21,5,0.000402,0.000262,16
2026-06-02 18:35:21,5,0.000401,0.000263,16
2026-06-02 18:35:21,5,0.000403,0.000262,16
2026-06-02 18:35:21,5,0.000402,0.000261,16
2026-06-02 18:35:21,5,0.000403,0.000260,16
2026-06-02 18:35:21,5,0.000403,0.000263,16
2026-06-02 18:35:21,5,0.000401,0.000261,16
2026-06-02 18:35:21,5,0.000403,0.000262,16
2026-06-02 18:35:21,5,0.000401,0.000259,16
2026-06-02 18:35:21,5,0.000402,0.000266,16
2026-06-02 18:35:21,5,0.000399,0.000260,16
2026-06-02 18:35:21,5,0.000408,0.000261,16
2026-06-02 18:35:21,5,0.000406,0.000261,16
2026-06-02 18:35:21,5,0.000530,0.000309,16
2026-06-02 18:35:21,5,0.000405,0.000262,16
2026-06-02 18:35:21,5,0.000402,0.000262,16
2026-06-02 18:35:21,5,0.000403,0.000261,16
2026-06-02 18:35:21,5,0.000401,0.000264,16
2026-06-02 18:35:21,5,0.000416,0.000261,16
2026-06-02 18:35:21,5,0.000401,0.000261,16
2026-06-02 18:35:21,5,0.000404,0.000261,16
2026-06-02 18:35:21,5,0.000403,0.000260,16
2026-06-02 18:35:21,5,0.000401,0.000264,16
2026-06-02 18:35:21,5,0.000404,0.000262,16
2026-06-02 18:35:21,5,0.000404,0.000260,16
2026-06-02 18:35:21,6,0.000416,0.000205,8
2026-06-02 18:35:21,6,0.000459,0.000312,8
2026-06-02 18:35:21,6,0.000536,0.000175,8
2026-06-02 18:35:21,6,0.000388,0.000240,8
2026-06-02 18:35:21,6,0.000421,0.000271,8
2026-06-02 18:35:21,6,0.000547,0.000174,8
2026-06-02 18:35:21,6,0.000475,0.000213,8
2026-06-02 18:35:21,6,0.000362,0.000226,8
2026-06-02 18:35:21,6,0.000512,0.000156,8
2026-06-02 18:35:21,6,0.000432,0.000156,8
2026-06-02 18:35:21,6,0.000418,0.000240,8
2026-06-02 18:35:21,6,0.000428,0.000155,8
2026-06-02 18:35:21,6,0.000433,0.000154,8
2026-06-02 18:35:21,6,0.000430,0.000155,8
2026-06-02 18:35:21,6,0.000538,0.000160,8
2026-06-02 18:35:21,6,0.000348,0.000154,8
2026-06-02 18:35:21,6,0.000372,0.000168,8
2026-06-02 18:35:21,6,0.000351,0.000155,8
2026-06-02 18:35:21,6,0.000349,0.000155,8
2026-06-02 18:35:21,6,0.000349,0.000156,8
2026-06-02 18:35:21,6,0.000349,0.000189,8
2026-06-02 18:35:21,6,0.000348,0.000154,8
2026-06-02 18:35:21,6,0.000349,0.000155,8
2026-06-02 18:35:21,6,0.000349,0.000156,8
2026-06-02 18:35:21,6,0.000349,0.000155,8
2026-06-02 18:35:21,6,0.000348,0.000155,8
2026-06-02 18:35:21,6,0.000347,0.000155,8
2026-06-02 18:35:21,6,0.000347,0.000155,8
2026-06-02 18:35:21,6,0.000347,0.000156,8
2026-06-02 18:35:21,6,0.000350,0.000157,8
2026-06-02 18:35:21,6,0.000350,0.000154,8
2026-06-02 18:35:21,6,0.000348,0.000155,8
2026-06-02 18:35:21,6,0.000349,0.000156,8
2026-06-02 18:35:21,6,0.000350,0.000156,8
2026-06-02 18:35:21,6,0.000348,0.000155,8
2026-06-02 18:35:21,6,0.000349,0.000156,8
2026-06-02 18:35:21,6,0.000352,0.000154,8
2026-06-02 18:35:21,6,0.000351,0.000174,8
2026-06-02 18:35:21,6,0.000386,0.000156,8
2026-06-02 18:35:21,6,0.000415,0.000226,8
2026-06-02 18:35:21,6,0.000584,0.000165,8
2026-06-02 18:35:21,6,0.000628,0.000228,8
2026-06-02 18:35:21,6,0.000635,0.000156,8
2026-06-02 18:35:21,6,0.000388,0.000157,8
2026-06-02 18:35:21,6,0.000391,0.000156,8
2026-06-02 18:35:21,6,0.000389,0.000156,8
2026-06-02 18:35:21,6,0.000355,0.000155,8
2026-06-02 18:35:21,6,0.000351,0.000155,8
2026-06-02 18:35:21,6,0.000353,0.000155,8
2026-06-02 18:35:21,6,0.000350,0.000155,8
2026-06-02 18:35:21,6,0.000352,0.000155,8
2026-06-02 18:35:21,6,0.000352,0.000155,8
2026-06-02 18:35:21,6,0.000354,0.000156,8
2026-06-02 18:35:21,6,0.000354,0.000155,8
2026-06-02 18:35:21,6,0.000355,0.000156,8
2026-06-02 18:35:21,6,0.000353,0.000155,8
2026-06-02 18:35:21,6,0.000351,0.000155,8
2026-06-02 18:35:21,6,0.000347,0.000159,8
2026-06-02 18:35:21,6,0.000348,0.000159,8
2026-06-02 18:35:21,6,0.000349,0.000158,8
2026-06-02 18:35:21,6,0.000348,0.000159,8
2026-06-02 18:35:21,6,0.000348,0.000159,8
2026-06-02 18:35:21,6,0.000349,0.000155,8
2026-06-02 18:35:21,6,0.000348,0.000155,8
2026-06-02 18:35:21,6,0.000350,0.000156,8
2026-06-02 18:35:21,6,0.000349,0.000156,8
2026-06-02 18:35:21,6,0.000352,0.000156,8
2026-06-02 18:35:21,6,0.000353,0.000156,8
2026-06-02 18:35:21,6,0.000446,0.000182,8
2026-06-02 18:35:21,6,0.000539,0.000156,8
2026-06-02 18:35:21,6,0.000386,0.000153,8
2026-06-02 18:35:21,6,0.000385,0.000155,8
2026-06-02 18:35:21,6,0.000372,0.000168,8
2026-06-02 18:35:21,6,0.000384,0.000154,8
2026-06-02 18:35:21,6,0.000387,0.000155,8
2026-06-02 18:35:21,6,0.000351,0.000154,8
2026-06-02 18:35:21,6,0.000352,0.000154,8
2026-06-02 18:35:21,6,0.000348,0.000165,8
2026-06-02 18:35:21,6,0.000347,0.000163,8
2026-06-02 18:35:21,6,0.000346,0.000162,8
2026-06-02 18:35:21,6,0.000347,0.000160,8
2026-06-02 18:35:21,6,0.000348,0.000159,8
2026-06-02 18:35:21,6,0.000351,0.000198,8
2026-06-02 18:35:21,6,0.000349,0.000163,8
2026-06-02 18:35:21,6,0.000349,0.000161,8
2026-06-02 18:35:21,6,0.000345,0.000160,8
2026-06-02 18:35:21,6,0.000349,0.000160,8
2026-06-02 18:35:21,6,0.000349,0.000155,8
2026-06-02 18:35:21,6,0.000349,0.000155,8
2026-06-02 18:35:21,6,0.000348,0.000153,8
2026-06-02 18:35:21,6,0.000349,0.000154,8
2026-06-02 18:35:21,6,0.000349,0.000153,8
2026-06-02 18:35:21,6,0.000348,0.000154,8
2026-06-02 18:35:21,6,0.000351,0.000154,8
2026-06-02 18:35:21,6,0.000351,0.000155,8
2026-06-02 18:35:21,6,0.000349,0.000154,8
2026-06-02 18:35:21,6,0.000348,0.000154,8
2026-06-02 18:35:21,6,0.000348,0.000153,8
2026-06-02 18:35:21,6,0.000348,0.000155,8
2026-06-02 18:35:21,6,0.000368,0.000162,8
2026-06-02 18:35:21,7,0.000827,0.000831,96
2026-06-02 18:35:21,7,0.000972,0.000758,96
2026-06-02 18:35:21,7,0.000755,0.000707,96
2026-06-02 18:35:21,7,0.000719,0.000581,96
2026-06-02 18:35:21,7,0.000614,0.000837,96
2026-06-02 18:35:21,7,0.000656,0.000587,96
2026-06-02 18:35:21,7,0.000695,0.000590,96
2026-06-02 18:35:21,7,0.000678,0.000515,96
2026-06-02 18:35:21,7,0.000610,0.000612,96
2026-06-02 18:35:21,7,0.000649,0.000521,96
2026-06-02 18:35:21,7,0.000723,0.000520,96
2026-06-02 18:35:21,7,0.000610,0.000521,96
2026-06-02 18:35:21,7,0.000615,0.000513,96
2026-06-02 18:35:21,7,0.000612,0.000514,96
2026-06-02 18:35:21,7,0.000619,0.000518,96
2026-06-02 18:35:21,7,0.000612,0.000515,96
2026-06-02 18:35:21,7,0.000612,0.000519,96
2026-06-02 18:35:21,7,0.000618,0.000548,96
2026-06-02 18:35:21,7,0.000612,0.000516,96
2026-06-02 18:35:21,7,0.000614,0.000512,96
2026-06-02 18:35:21,7,0.000617,0.000546,96
2026-06-02 18:35:21,7,0.000617,0.000517,96
2026-06-02 18:35:21,7,0.000614,0.000514,96
2026-06-02 18:35:21,7,0.000612,0.000516,96
2026-06-02 18:35:21,7,0.000620,0.000515,96
2026-06-02 18:35:21,7,0.000612,0.000517,96
2026-06-02 18:35:21,7,0.000618,0.000512,96
2026-06-02 18:35:21,7,0.000613,0.000529,96
2026-06-02 18:35:21,7,0.000617,0.000518,96
2026-06-02 18:35:21,7,0.000616,0.000513,96
2026-06-02 18:35:21,7,0.000612,0.000519,96
2026-06-02 18:35:21,7,0.000615,0.000513,96
2026-06-02 18:35:21,7,0.000615,0.000518,96
2026-06-02 18:35:21,7,0.000615,0.000514,96
2026-06-02 18:35:21,7,0.000611,0.000556,96
2026-06-02 18:35:21,7,0.000615,0.000517,96
2026-06-02 18:35:21,7,0.000616,0.000515,96
2026-06-02 18:35:21,7,0.000611,0.000516,96
2026-06-02 18:35:21,7,0.000614,0.000515,96
2026-06-02 18:35:21,7,0.000609,0.000558,96
2026-06-02 18:35:21,7,0.000613,0.000557,96
2026-06-02 18:35:21,7,0.000661,0.000515,96
2026-06-02 18:35:21,7,0.000614,0.000550,96
2026-06-02 18:35:21,7,0.000648,0.000511,96
2026-06-02 18:35:21,7,0.000611,0.000553,96
2026-06-02 18:35:21,7,0.000906,0.000521,96
2026-06-02 18:35:21,7,0.000618,0.000518,96
2026-06-02 18:35:21,7,0.000616,0.000814,96
2026-06-02 18:35:21,7,0.000687,0.000526,96
2026-06-02 18:35:21,7,0.000654,0.000517,96
2026-06-02 18:35:21,7,0.000640,0.000518,96
2026-06-02 18:35:21,7,0.000616,0.000515,96
2026-06-02 18:35:21,7,0.000614,0.000540,96
2026-06-02 18:35:21,7,0.000646,0.000523,96
2026-06-02 18:35:21,7,0.000616,0.000515,96
2026-06-02 18:35:21,7,0.000749,0.000531,96
2026-06-02 18:35:21,7,0.000620,0.000516,96
2026-06-02 18:35:21,7,0.000610,0.000517,96
2026-06-02 18:35:21,7,0.000615,0.000582,96
2026-06-02 18:35:21,7,0.000632,0.000541,96
2026-06-02 18:35:21,7,0.000644,0.000558,96
2026-06-02 18:35:21,7,0.000704,0.000573,96
2026-06-02 18:35:21,7,0.000674,0.000744,96
2026-06-02 18:35:21,7,0.000709,0.000610,96
2026-06-02 18:35:21,7,0.000674,0.000534,96
2026-06-02 18:35:21,7,0.000655,0.000601,96
2026-06-02 18:35:21,7,0.000692,0.000561,96
2026-06-02 18:35:21,7,0.000675,0.000513,96
2026-06-02 18:35:21,7,0.000612,0.000628,96
2026-06-02 18:35:21,7,0.000678,0.000560,96
2026-06-02 18:35:21,7,0.000650,0.000513,96
2026-06-02 18:35:21,7,0.000608,0.000548,96
2026-06-02 18:35:21,7,0.000925,0.000752,96
2026-06-02 18:35:21,7,0.000613,0.000519,96
2026-06-02 18:35:21,7,0.000617,0.000514,96
2026-06-02 18:35:21,7,0.000611,0.000517,96
2026-06-02 18:35:21,7,0.000616,0.000517,96
2026-06-02 18:35:21,7,0.000613,0.000552,96
2026-06-02 18:35:21,7,0.000615,0.000519,96
2026-06-02 18:35:21,7,0.000616,0.000513,96
2026-06-02 18:35:21,7,0.000616,0.000517,96
2026-06-02 18:35:21,7,0.000614,0.000514,96
2026-06-02 18:35:21,7,0.000614,0.000516,96
2026-06-02 18:35:21,7,0.000615,0.000515,96
2026-06-02 18:35:21,7,0.000626,0.000520,96
2026-06-02 18:35:21,7,0.000613,0.000512,96
2026-06-02 18:35:21,7,0.000614,0.000515,96
2026-06-02 18:35:21,7,0.000616,0.000515,96
2026-06-02 18:35:21,7,0.000613,0.000517,96
2026-06-02 18:35:21,7,0.000614,0.014019,96
2026-06-02 18:35:21,7,0.000619,0.000532,96
2026-06-02 18:35:21,7,0.000623,0.000522,96
2026-06-02 18:35:21,7,0.000617,0.000519,96
2026-06-02 18:35:21,7,0.000616,0.000542,96
2026-06-02 18:35:21,7,0.000621,0.000518,96
2026-06-02 18:35:21,7,0.000615,0.000527,96
2026-06-02 18:35:21,7,0.000646,0.000523,96
2026-06-02 18:35:21,7,0.000617,0.000517,96
2026-06-02 18:35:21,7,0.000618,0.000522,96
2026-06-02 18:35:21,7,0.000618,0.000519,96
2026-06-02 18:35:21,8,0.000698,0.000582,44
2026-06-02 18:35:21,8,0.000678,0.000574,44
2026-06-02 18:35:21,8,0.000690,0.000779,44
2026-06-02 18:35:21,8,0.000638,0.000487,44
2026-06-02 18:35:21,8,0.000683,0.000485,44
2026-06-02 18:35:21,8,0.000592,0.000487,44
2026-06-02 18:35:21,8,0.000593,0.000485,44
2026-06-02 18:35:21,8,0.000618,0.000483,44
2026-06-02 18:35:21,8,0.000589,0.000509,44
2026-06-02 18:35:21,8,0.000597,0.000484,44
2026-06-02 18:35:21,8,0.000592,0.000488,44
2026-06-02 18:35:21,8,0.000615,0.000505,44
2026-06-02 18:35:21,8,0.000589,0.000520,44
2026-06-02 18:35:21,8,0.000637,0.000512,44
2026-06-02 18:35:21,8,0.000620,0.000593,44
2026-06-02 18:35:21,8,0.000691,0.000586,44
2026-06-02 18:35:21,8,0.000790,0.000677,44
2026-06-02 18:35:21,8,0.000638,0.000597,44
2026-06-02 18:35:21,8,0.001088,0.000623,44
2026-06-02 18:35:21,8,0.000685,0.000653,44
2026-06-02 18:35:21,8,0.000724,0.000503,44
2026-06-02 18:35:21,8,0.000613,0.000703,44
2026-06-02 18:35:21,8,0.000618,0.000602,44
2026-06-02 18:35:21,8,0.000852,0.000647,44
2026-06-02 18:35:21,8,0.000707,0.000594,44
2026-06-02 18:35:21,8,0.000666,0.000487,44
2026-06-02 18:35:21,8,0.000589,0.000646,44
2026-06-02 18:35:21,8,0.000676,0.000516,44
2026-06-02 18:35:21,8,0.000665,0.000485,44
2026-06-02 18:35:21,8,0.000664,0.000613,44
2026-06-02 18:35:21,8,0.000655,0.000487,44
2026-06-02 18:35:21,8,0.000594,0.000570,44
2026-06-02 18:35:21,8,0.000643,0.000487,44
2026-06-02 18:35:21,8,0.000590,0.000555,44
2026-06-02 18:35:21,8,0.000660,0.000491,44
2026-06-02 18:35:21,8,0.000698,0.000489,44
2026-06-02 18:35:21,8,0.000629,0.000557,44
2026-06-02 18:35:21,8,0.000653,0.000484,44
2026-06-02 18:35:21,8,0.000589,0.000530,44
2026-06-02 18:35:21,8,0.000638,0.000486,44
2026-06-02 18:35:21,8,0.000590,0.000493,44
2026-06-02 18:35:21,8,0.000592,0.000486,44
2026-06-02 18:35:21,8,0.000590,0.000491,44
2026-06-02 18:35:21,8,0.000610,0.000487,44
2026-06-02 18:35:21,8,0.000591,0.000489,44
2026-06-02 18:35:21,8,0.000643,0.000519,44
2026-06-02 18:35:21,8,0.000589,0.000490,44
2026-06-02 18:35:21,8,0.000593,0.000487,44
2026-06-02 18:35:21,8,0.000590,0.000488,44
2026-06-02 18:35:21,8,0.000594,0.000485,44
2026-06-02 18:35:21,8,0.000592,0.000489,44
2026-06-02 18:35:21,8,0.000589,0.000489,44
2026-06-02 18:35:21,8,0.000627,0.000487,44
2026-06-02 18:35:21,8,0.000590,0.000491,44
2026-06-02 18:35:21,8,0.000590,0.000484,44
2026-06-02 18:35:21,8,0.000590,0.000490,44
2026-06-02 18:35:21,8,0.000593,0.000486,44
2026-06-02 18:35:21,8,0.000591,0.000489,44
2026-06-02 18:35:21,8,0.000595,0.000487,44
2026-06-02 18:35:21,8,0.000604,0.000519,44
2026-06-02 18:35:21,8,0.000594,0.000485,44
2026-06-02 18:35:21,8,0.000590,0.000489,44
2026-06-02 18:35:21,8,0.000595,0.000485,44
2026-06-02 18:35:21,8,0.000595,0.000490,44
2026-06-02 18:35:21,8,0.000592,0.000485,44
2026-06-02 18:35:21,8,0.000624,0.000490,44
2026-06-02 18:35:21,8,0.000592,0.000485,44
2026-06-02 18:35:21,8,0.000593,0.000497,44
2026-06-02 18:35:21,8,0.000601,0.000488,44
2026-06-02 18:35:21,8,0.000595,0.000486,44
2026-06-02 18:35:21,8,0.000588,0.000563,44
2026-06-02 18:35:21,8,0.000599,0.000492,44
2026-06-02 18:35:21,8,0.000590,0.000487,44
2026-06-02 18:35:21,8,0.000594,0.000487,44
2026-06-02 18:35:21,8,0.000589,0.000489,44
2026-06-02 18:35:21,8,0.000601,0.000486,44
2026-06-02 18:35:21,8,0.000594,0.000488,44
2026-06-02 18:35:21,8,0.000630,0.000593,44
2026-06-02 18:35:21,8,0.000842,0.000767,44
2026-06-02 18:35:21,8,0.000876,0.000696,44
2026-06-02 18:35:21,8,0.000795,0.000658,44
2026-06-02 18:35:21,8,0.000781,0.000749,44
2026-06-02 18:35:21,8,0.000752,0.000621,44
2026-06-02 18:35:21,8,0.000732,0.000589,44
2026-06-02 18:35:21,8,0.000593,0.000591,44
2026-06-02 18:35:21,8,0.000745,0.000583,44
2026-06-02 18:35:21,8,0.000683,0.000489,44
2026-06-02 18:35:21,8,0.000591,0.000565,44
2026-06-02 18:35:21,8,0.000673,0.000592,44
2026-06-02 18:35:21,8,0.000670,0.000515,44
2026-06-02 18:35:21,8,0.000591,0.000554,44
2026-06-02 18:35:21,8,0.000637,0.000488,44
2026-06-02 18:35:21,8,0.000592,0.000526,44
2026-06-02 18:35:21,8,0.000635,0.000485,44
2026-06-02 18:35:21,8,0.000773,0.000491,44
2026-06-02 18:35:21,8,0.000594,0.000494,44
2026-06-02 18:35:21,8,0.000593,0.000485,44
2026-06-02 18:35:21,8,0.000594,0.000486,44
2026-06-02 18:35:21,8,0.000593,0.000490,44
2026-06-02 18:35:21,8,0.000593,0.000486,44
2026-06-02 18:35:21,9,0.001617,0.001789,268
2026-06-02 18:35:21,9,0.001209,0.001182,268
2026-06-02 18:35:21,9,0.001061,0.001137,268
2026-06-02 18:35:21,9,0.001031,0.001118,268
2026-06-02 18:35:21,9,0.001178,0.001084,268
2026-06-02 18:35:21,9,0.001000,0.001083,268
2026-06-02 18:35:21,9,0.001002,0.001086,268
2026-06-02 18:35:21,9,0.000999,0.001087,268
2026-06-02 18:35:21,9,0.001001,0.001087,268
2026-06-02 18:35:21,9,0.000998,0.001300,268
2026-06-02 18:35:21,9,0.000999,0.001083,268
2026-06-02 18:35:21,9,0.000999,0.001096,268
2026-06-02 18:35:21,9,0.001017,0.001093,268
2026-06-02 18:35:21,9,0.000998,0.001158,268
2026-06-02 18:35:21,9,0.001007,0.001088,268
2026-06-02 18:35:21,9,0.001030,0.001085,268
2026-06-02 18:35:21,9,0.001038,0.001088,268
2026-06-02 18:35:21,9,0.001028,0.001097,268
2026-06-02 18:35:21,9,0.001002,0.001106,268
2026-06-02 18:35:21,9,0.001003,0.001082,268
2026-06-02 18:35:21,9,0.001519,0.001463,268
2026-06-02 18:35:21,9,0.001241,0.001465,268
2026-06-02 18:35:21,9,0.001204,0.001185,268
2026-06-02 18:35:21,9,0.001121,0.001275,268
2026-06-02 18:35:21,9,0.001091,0.001198,268
2026-06-02 18:35:21,9,0.001066,0.001170,268
2026-06-02 18:35:21,9,0.001036,0.001083,268
2026-06-02 18:35:21,9,0.001004,0.001082,268
2026-06-02 18:35:21,9,0.001001,0.001120,268
2026-06-02 18:35:21,9,0.001001,0.001091,268
2026-06-02 18:35:21,9,0.001015,0.001086,268
2026-06-02 18:35:21,9,0.001022,0.001100,268
2026-06-02 18:35:21,9,0.000999,0.001107,268
2026-06-02 18:35:21,9,0.001001,0.001084,268
2026-06-02 18:35:21,9,0.001001,0.001087,268
2026-06-02 18:35:21,9,0.001012,0.001094,268
2026-06-02 18:35:21,9,0.000998,0.001094,268
2026-06-02 18:35:21,9,0.000996,0.001088,268
2026-06-02 18:35:21,9,0.001078,0.001337,268
2026-06-02 18:35:21,9,0.001051,0.001189,268
2026-06-02 18:35:21,9,0.001039,0.001176,268
2026-06-02 18:35:21,9,0.001075,0.001096,268
2026-06-02 18:35:21,9,0.001011,0.001092,268
2026-06-02 18:35:21,9,0.001004,0.001093,268
2026-06-02 18:35:21,9,0.000999,0.001122,268
2026-06-02 18:35:21,9,0.000999,0.001112,268
2026-06-02 18:35:21,9,0.001004,0.001090,268
2026-06-02 18:35:21,9,0.001047,0.001090,268
2026-06-02 18:35:21,9,0.000998,0.001089,268
2026-06-02 18:35:21,9,0.000998,0.001089,268
2026-06-02 18:35:21,9,0.001002,0.001130,268
2026-06-02 18:35:21,9,0.001119,0.001117,268
2026-06-02 18:35:21,9,0.001096,0.001167,268
2026-06-02 18:35:21,9,0.001086,0.001400,268
2026-06-02 18:35:21,9,0.001506,0.001287,268
2026-06-02 18:35:21,9,0.001148,0.001151,268
2026-06-02 18:35:21,9,0.001087,0.001189,268
2026-06-02 18:35:21,9,0.001041,0.001149,268
2026-06-02 18:35:21,9,0.001051,0.001129,268
2026-06-02 18:35:21,9,0.001037,0.001092,268
2026-06-02 18:35:21,9,0.000997,0.001132,268
2026-06-02 18:35:21,9,0.001033,0.001133,268
2026-06-02 18:35:21,9,0.001036,0.001130,268
2026-06-02 18:35:21,9,0.001250,0.001143,268
2026-06-02 18:35:21,9,0.001032,0.001145,268
2026-06-02 18:35:21,9,0.001000,0.001088,268
2026-06-02 18:35:21,9,0.001003,0.001099,268
2026-06-02 18:35:21,9,0.000998,0.001085,268
2026-06-02 18:35:21,9,0.001000,0.001122,268
2026-06-02 18:35:21,9,0.001002,0.001086,268
2026-06-02 18:35:21,9,0.001005,0.001088,268
2026-06-02 18:35:21,9,0.000999,0.001086,268
2026-06-02 18:35:21,9,0.000998,0.001089,268
2026-06-02 18:35:21,9,0.001003,0.001094,268
2026-06-02 18:35:21,9,0.001034,0.001089,268
2026-06-02 18:35:21,9,0.000995,0.001086,268
2026-06-02 18:35:21,9,0.000996,0.001089,268
2026-06-02 18:35:21,9,0.001001,0.001089,268
2026-06-02 18:35:21,9,0.001033,0.001175,268
2026-06-02 18:35:21,9,0.001009,0.001090,268
2026-06-02 18:35:21,9,0.001038,0.001094,268
2026-06-02 18:35:21,9,0.001005,0.001093,268
2026-06-02 18:35:21,9,0.001002,0.001090,268
2026-06-02 18:35:21,9,0.001000,0.001084,268
2026-06-02 18:35:21,9,0.001049,0.001165,268
2026-06-02 18:35:21,9,0.001095,0.001266,268
2026-06-02 18:35:21,9,0.001088,0.001408,268
2026-06-02 18:35:21,9,0.001157,0.001206,268
2026-06-02 18:35:21,9,0.001111,0.001181,268
2026-06-02 18:35:21,9,0.001057,0.001134,268
2026-06-02 18:35:21,9,0.001057,0.001174,268
2026-06-02 18:35:21,9,0.001059,0.001147,268
2026-06-02 18:35:21,9,0.001035,0.001133,268
2026-06-02 18:35:21,9,0.001002,0.001090,268
2026-06-02 18:35:21,9,0.000996,0.001086,268
2026-06-02 18:35:21,9,0.001003,0.001092,268
2026-06-02 18:35:21,9,0.001007,0.001087,268
2026-06-02 18:35:21,9,0.000998,0.001087,268
2026-06-02 18:35:21,9,0.001042,0.001091,268
2026-06-02 18:35:21,9,0.001000,0.001087,268
2026-06-02 18:35:21,10,0.001800,0.004500,1436
2026-06-02 18:35:21,10,0.001401,0.003783,1436
2026-06-02 18:35:21,10,0.001361,0.017896,1436
2026-06-02 18:35:21,10,0.001540,0.003995,1436
2026-06-02 18:35:21,10,0.001396,0.003761,1436
2026-06-02 18:35:21,10,0.001380,0.003712,1436
2026-06-02 18:35:21,10,0.001453,0.004361,1436
2026-06-02 18:35:21,10,0.001438,0.004205,1436
2026-06-02 18:35:21,10,0.001406,0.004151,1436
2026-06-02 18:35:21,10,0.001370,0.003678,1436
2026-06-02 18:35:21,10,0.001361,0.018662,1436
2026-06-02 18:35:21,10,0.001383,0.003811,1436
2026-06-02 18:35:21,10,0.001359,0.003719,1436
2026-06-02 18:35:21,10,0.001372,0.003782,1436
2026-06-02 18:35:21,10,0.001423,0.003750,1436
2026-06-02 18:35:21,10,0.001396,0.003667,1436
2026-06-02 18:35:21,10,0.001480,0.003784,1436
2026-06-02 18:35:21,10,0.001366,0.003765,1436
2026-06-02 18:35:21,10,0.001446,0.003684,1436
2026-06-02 18:35:21,10,0.001497,0.019120,1436
2026-06-02 18:35:21,10,0.001368,0.003784,1436
2026-06-02 18:35:21,10,0.001364,0.003686,1436
2026-06-02 18:35:21,10,0.001392,0.003797,1436
2026-06-02 18:35:21,10,0.001365,0.003755,1436
2026-06-02 18:35:21,10,0.001400,0.003695,1436
2026-06-02 18:35:21,10,0.001366,0.003800,1436
2026-06-02 18:35:21,10,0.001367,0.003764,1436
2026-06-02 18:35:21,10,0.001362,0.017776,1436
2026-06-02 18:35:21,10,0.001372,0.003753,1436
2026-06-02 18:35:21,10,0.001392,0.003787,1436
2026-06-02 18:35:21,10,0.001366,0.003767,1436
2026-06-02 18:35:21,10,0.001509,0.004476,1436
2026-06-02 18:35:21,10,0.001474,0.004055,1436
2026-06-02 18:35:21,10,0.001542,0.004092,1436
2026-06-02 18:35:21,10,0.001369,0.003648,1436
2026-06-02 18:35:21,10,0.001367,0.019747,1436
2026-06-02 18:35:21,10,0.001361,0.003821,1436
2026-06-02 18:35:21,10,0.001371,0.003682,1436
2026-06-02 18:35:21,10,0.001367,0.003942,1436
2026-06-02 18:35:21,10,0.001369,0.003729,1436
2026-06-02 18:35:21,10,0.001376,0.003776,1436
2026-06-02 18:35:21,10,0.001360,0.003912,1436
2026-06-02 18:35:21,10,0.001385,0.003737,1436
2026-06-02 18:35:21,10,0.001407,0.004376,1436
2026-06-02 18:35:21,10,0.001556,0.019148,1436
2026-06-02 18:35:21,10,0.001410,0.003835,1436
2026-06-02 18:35:21,10,0.001362,0.003710,1436
2026-06-02 18:35:21,10,0.001372,0.003797,1436
2026-06-02 18:35:21,10,0.001357,0.003760,1436
2026-06-02 18:35:21,10,0.001365,0.003685,1436
2026-06-02 18:35:21,10,0.001366,0.003803,1436
2026-06-02 18:35:21,10,0.001366,0.003760,1436
2026-06-02 18:35:21,10,0.001365,0.017777,1436
2026-06-02 18:35:21,10,0.001405,0.003856,1436
2026-06-02 18:35:21,10,0.001395,0.003818,1436
2026-06-02 18:35:21,10,0.001442,0.004358,1436
2026-06-02 18:35:21,10,0.001564,0.004613,1436
2026-06-02 18:35:21,10,0.001446,0.004076,1436
2026-06-02 18:35:21,10,0.001368,0.003702,1436
2026-06-02 18:35:21,10,0.001522,0.004068,1436
2026-06-02 18:35:21,10,0.001361,0.018246,1436
2026-06-02 18:35:21,10,0.001369,0.004106,1436
2026-06-02 18:35:21,10,0.001364,0.003841,1436
2026-06-02 18:35:21,10,0.001372,0.003746,1436
2026-06-02 18:35:21,10,0.001369,0.003827,1436
2026-06-02 18:35:21,10,0.001366,0.003629,1436
2026-06-02 18:35:21,10,0.001365,0.003778,1436
2026-06-02 18:35:21,10,0.001358,0.003718,1436
2026-06-02 18:35:21,10,0.001360,0.003877,1436
2026-06-02 18:35:21,10,0.001475,0.021870,1436
2026-06-02 18:35:21,10,0.001550,0.004059,1436
2026-06-02 18:35:21,10,0.001432,0.003932,1436
2026-06-02 18:35:21,10,0.001486,0.004009,1436
2026-06-02 18:35:21,10,0.001409,0.003774,1436
2026-06-02 18:35:21,10,0.001357,0.003663,1436
2026-06-02 18:35:21,10,0.001370,0.003762,1436
2026-06-02 18:35:21,10,0.001379,0.003734,1436
2026-06-02 18:35:21,10,0.001364,0.017853,1436
2026-06-02 18:35:21,10,0.001370,0.003811,1436
2026-06-02 18:35:21,10,0.001362,0.004840,1436
2026-06-02 18:35:21,10,0.001920,0.004782,1436
2026-06-02 18:35:21,10,0.001545,0.004044,1436
2026-06-02 18:35:21,10,0.001410,0.003841,1436
2026-06-02 18:35:21,10,0.001371,0.003687,1436
2026-06-02 18:35:21,10,0.001373,0.003923,1436
2026-06-02 18:35:21,10,0.001364,0.018109,1436
2026-06-02 18:35:21,10,0.001600,0.004078,1436
2026-06-02 18:35:21,10,0.001359,0.003840,1436
2026-06-02 18:35:21,10,0.001412,0.003840,1436
2026-06-02 18:35:21,10,0.001368,0.003748,1436
2026-06-02 18:35:21,10,0.001374,0.003850,1436
2026-06-02 18:35:21,10,0.001368,0.003768,1436
2026-06-02 18:35:21,10,0.001367,0.004163,1436
2026-06-02 18:35:21,10,0.001632,0.004594,1436
2026-06-02 18:35:21,10,0.001474,0.017414,1436
2026-06-02 18:35:21,10,0.001369,0.003709,1436
2026-06-02 18:35:21,10,0.001369,0.003634,1436
2026-06-02 18:35:21,10,0.001366,0.003871,1436
2026-06-02 18:35:21,10,0.001461,0.003850,1436
2026-06-02 18:35:21,10,0.001398,0.003681,1436
2026-06-02 18:35:21,11,0.003411,0.002100,362
2026-06-02 18:35:21,11,0.002500,0.001872,362
2026-06-02 18:35:21,11,0.002606,0.001861,362
2026-06-02 18:35:21,11,0.002439,0.001791,362
2026-06-02 18:35:21,11,0.002329,0.001795,362
2026-06-02 18:35:21,11,0.002407,0.001831,362
2026-06-02 18:35:21,11,0.002325,0.001934,362
2026-06-02 18:35:21,11,0.002524,0.002281,362
2026-06-02 18:35:21,11,0.002681,0.001961,362
2026-06-02 18:35:21,11,0.002579,0.001917,362
2026-06-02 18:35:21,11,0.002461,0.001949,362
2026-06-02 18:35:21,11,0.002357,0.001799,362
2026-06-02 18:35:21,11,0.002323,0.016644,362
2026-06-02 18:35:21,11,0.002308,0.001786,362
2026-06-02 18:35:21,11,0.002323,0.001818,362
2026-06-02 18:35:21,11,0.002324,0.001943,362
2026-06-02 18:35:21,11,0.002322,0.002075,362
2026-06-02 18:35:21,11,0.002312,0.001958,362
2026-06-02 18:35:21,11,0.002326,0.001793,362
2026-06-02 18:35:21,11,0.002322,0.001819,362
2026-06-02 18:35:21,11,0.002460,0.001968,362
2026-06-02 18:35:21,11,0.002676,0.002090,362
2026-06-02 18:35:21,11,0.002523,0.002019,362
2026-06-02 18:35:21,11,0.002593,0.002346,362
2026-06-02 18:35:21,11,0.002770,0.002016,362
2026-06-02 18:35:21,11,0.002374,0.001793,362
2026-06-02 18:35:21,11,0.002305,0.001795,362
2026-06-02 18:35:21,11,0.002340,0.001864,362
2026-06-02 18:35:21,11,0.002327,0.001906,362
2026-06-02 18:35:21,11,0.002314,0.001798,362
2026-06-02 18:35:21,11,0.002389,0.001858,362
2026-06-02 18:35:21,11,0.002400,0.001950,362
2026-06-02 18:35:21,11,0.002312,0.001838,362
2026-06-02 18:35:21,11,0.002452,0.001832,362
2026-06-02 18:35:21,11,0.002381,0.001858,362
2026-06-02 18:35:21,11,0.002383,0.001848,362
2026-06-02 18:35:21,11,0.002385,0.001838,362
2026-06-02 18:35:21,11,0.002380,0.001914,362
2026-06-02 18:35:21,11,0.002395,0.001795,362
2026-06-02 18:35:21,11,0.002373,0.001793,362
2026-06-02 18:35:21,11,0.002329,0.001842,362
2026-06-02 18:35:21,11,0.002312,0.002001,362
2026-06-02 18:35:21,11,0.002767,0.002350,362
2026-06-02 18:35:21,11,0.002667,0.001979,362
2026-06-02 18:35:21,11,0.002588,0.001957,362
2026-06-02 18:35:21,11,0.002537,0.001857,362
2026-06-02 18:35:21,11,0.002360,0.001837,362
2026-06-02 18:35:21,11,0.002308,0.001795,362
2026-06-02 18:35:21,11,0.002442,0.001902,362
2026-06-02 18:35:21,11,0.002313,0.001914,362
2026-06-02 18:35:21,11,0.002538,0.001821,362
2026-06-02 18:35:21,11,0.002420,0.001831,362
2026-06-02 18:35:21,11,0.002381,0.001836,362
2026-06-02 18:35:21,11,0.002656,0.001855,362
2026-06-02 18:35:21,11,0.002420,0.001899,362
2026-06-02 18:35:21,11,0.002461,0.002036,362
2026-06-02 18:35:21,11,0.002319,0.001860,362
2026-06-02 18:35:21,11,0.002309,0.001798,362
2026-06-02 18:35:21,11,0.002312,0.001885,362
2026-06-02 18:35:21,11,0.002415,0.001870,362
2026-06-02 18:35:21,11,0.002464,0.002013,362
2026-06-02 18:35:21,11,0.002913,0.002147,362
2026-06-02 18:35:21,11,0.002558,0.001898,362
2026-06-02 18:35:21,11,0.002379,0.001795,362
2026-06-02 18:35:21,11,0.002328,0.001831,362
2026-06-02 18:35:21,11,0.002371,0.001798,362
2026-06-02 18:35:21,11,0.002324,0.001797,362
2026-06-02 18:35:21,11,0.002304,0.001844,362
2026-06-02 18:35:21,11,0.002346,0.001834,362
2026-06-02 18:35:21,11,0.002312,0.001792,362
2026-06-02 18:35:21,11,0.002308,0.001833,362
2026-06-02 18:35:21,11,0.002310,0.001790,362
2026-06-02 18:35:21,11,0.002318,0.001843,362
2026-06-02 18:35:21,11,0.002312,0.001786,362
2026-06-02 18:35:21,11,0.002383,0.001918,362
2026-06-02 18:35:21,11,0.002321,0.001795,362
2026-06-02 18:35:21,11,0.002325,0.001838,362
2026-06-02 18:35:21,11,0.002337,0.001814,362
2026-06-02 18:35:21,11,0.002313,0.001843,362
2026-06-02 18:35:21,11,0.002318,0.001924,362
2026-06-02 18:35:21,11,0.002629,0.002318,362
2026-06-02 18:35:21,11,0.002550,0.001978,362
2026-06-02 18:35:21,11,0.002511,0.001908,362
2026-06-02 18:35:21,11,0.002349,0.001798,362
2026-06-02 18:35:21,11,0.002438,0.019944,362
2026-06-02 18:35:21,11,0.002477,0.001915,362
2026-06-02 18:35:21,11,0.002392,0.001888,362
2026-06-02 18:35:21,11,0.002641,0.002008,362
2026-06-02 18:35:21,11,0.002429,0.001967,362
2026-06-02 18:35:21,11,0.002474,0.001833,362
2026-06-02 18:35:21,11,0.002318,0.001797,362
2026-06-02 18:35:21,11,0.002604,0.001892,362
2026-06-02 18:35:21,11,0.002416,0.001942,362
2026-06-02 18:35:21,11,0.002313,0.001793,362
2026-06-02 18:35:21,11,0.002323,0.002030,362
2026-06-02 18:35:21,11,0.002660,0.002477,362
2026-06-02 18:35:21,11,0.002764,0.002073,362
2026-06-02 18:35:21,11,0.002494,0.001823,362
2026-06-02 18:35:21,11,0.002305,0.001799,362
2026-06-02 18:35:21,11,0.002349,0.001795,362
2026-06-02 18:35:21,12,0.005300,0.001946,480
2026-06-02 18:35:21,12,0.002574,0.001635,480
2026-06-02 18:35:21,12,0.002446,0.001674,480
2026-06-02 18:35:21,12,0.002303,0.001566,480
2026-06-02 18:35:21,12,0.002299,0.002021,480
2026-06-02 18:35:21,12,0.002471,0.001753,480
2026-06-02 18:35:21,12,0.002386,0.001570,480
2026-06-02 18:35:21,12,0.002301,0.001764,480
2026-06-02 18:35:21,12,0.002308,0.001625,480
2026-06-02 18:35:21,12,0.002365,0.001627,480
2026-06-02 18:35:21,12,0.002435,0.001606,480
2026-06-02 18:35:21,12,0.002373,0.001801,480
2026-06-02 18:35:21,12,0.002411,0.001670,480
2026-06-02 18:35:21,12,0.002625,0.001937,480
2026-06-02 18:35:21,12,0.002558,0.001979,480
2026-06-02 18:35:21,12,0.002431,0.001715,480
2026-06-02 18:35:21,12,0.002391,0.001601,480
2026-06-02 18:35:21,12,0.002371,0.001612,480
2026-06-02 18:35:21,12,0.002314,0.001629,480
2026-06-02 18:35:21,12,0.002451,0.016134,480
2026-06-02 18:35:21,12,0.002304,0.001631,480
2026-06-02 18:35:21,12,0.002656,0.001665,480
2026-06-02 18:35:21,12,0.002293,0.001611,480
2026-06-02 18:35:21,12,0.002477,0.001578,480
2026-06-02 18:35:21,12,0.002301,0.001656,480
2026-06-02 18:35:21,12,0.002301,0.001570,480
2026-06-02 18:35:21,12,0.002362,0.001913,480
2026-06-02 18:35:21,12,0.002433,0.001885,480
2026-06-02 18:35:21,12,0.002370,0.001780,480
2026-06-02 18:35:21,12,0.002550,0.002556,480
2026-06-02 18:35:21,12,0.002964,0.002218,480
2026-06-02 18:35:21,12,0.002994,0.002159,480
2026-06-02 18:35:21,12,0.002941,0.001770,480
2026-06-02 18:35:21,12,0.002534,0.001725,480
2026-06-02 18:35:21,12,0.002432,0.001748,480
2026-06-02 18:35:21,12,0.002553,0.001651,480
2026-06-02 18:35:21,12,0.002409,0.001695,480
2026-06-02 18:35:21,12,0.002320,0.001563,480
2026-06-02 18:35:21,12,0.002305,0.001566,480
2026-06-02 18:35:21,12,0.002357,0.001567,480
2026-06-02 18:35:21,12,0.002310,0.001563,480
2026-06-02 18:35:21,12,0.002369,0.001675,480
2026-06-02 18:35:21,12,0.002454,0.001688,480
2026-06-02 18:35:21,12,0.002365,0.001684,480
2026-06-02 18:35:21,12,0.002298,0.001630,480
2026-06-02 18:35:21,12,0.002318,0.001567,480
2026-06-02 18:35:21,12,0.002305,0.001694,480
2026-06-02 18:35:21,12,0.002581,0.001904,480
2026-06-02 18:35:21,12,0.002921,0.002027,480
2026-06-02 18:35:21,12,0.002541,0.001718,480
2026-06-02 18:35:21,12,0.002480,0.001686,480
2026-06-02 18:35:21,12,0.002431,0.001703,480
2026-06-02 18:35:21,12,0.002501,0.001633,480
2026-06-02 18:35:21,12,0.002371,0.015626,480
2026-06-02 18:35:21,12,0.002309,0.001576,480
2026-06-02 18:35:21,12,0.002366,0.001659,480
2026-06-02 18:35:21,12,0.002630,0.001747,480
2026-06-02 18:35:21,12,0.002376,0.001708,480
2026-06-02 18:35:21,12,0.002469,0.001641,480
2026-06-02 18:35:21,12,0.002312,0.001600,480
2026-06-02 18:35:21,12,0.002299,0.001681,480
2026-06-02 18:35:21,12,0.002367,0.001834,480
2026-06-02 18:35:21,12,0.002412,0.001727,480
2026-06-02 18:35:21,12,0.002557,0.002042,480
2026-06-02 18:35:21,12,0.002461,0.001787,480
2026-06-02 18:35:21,12,0.002506,0.001743,480
2026-06-02 18:35:21,12,0.002376,0.001720,480
2026-06-02 18:35:21,12,0.002404,0.001564,480
2026-06-02 18:35:21,12,0.002306,0.001693,480
2026-06-02 18:35:21,12,0.002301,0.001687,480
2026-06-02 18:35:21,12,0.002363,0.001635,480
2026-06-02 18:35:21,12,0.002429,0.001771,480
2026-06-02 18:35:21,12,0.002384,0.001673,480
2026-06-02 18:35:21,12,0.002379,0.001569,480
2026-06-02 18:35:21,12,0.002303,0.001564,480
2026-06-02 18:35:21,12,0.002309,0.001608,480
2026-06-02 18:35:21,12,0.002294,0.001588,480
2026-06-02 18:35:21,12,0.002301,0.001656,480
2026-06-02 18:35:21,12,0.002332,0.001605,480
2026-06-02 18:35:21,12,0.002344,0.001601,480
2026-06-02 18:35:21,12,0.002310,0.001606,480
2026-06-02 18:35:21,12,0.002345,0.001684,480
2026-06-02 18:35:21,12,0.002602,0.002544,480
2026-06-02 18:35:21,12,0.002617,0.001782,480
2026-06-02 18:35:21,12,0.002555,0.001887,480
2026-06-02 18:35:21,12,0.002464,0.015460,480
2026-06-02 18:35:21,12,0.002315,0.001568,480
2026-06-02 18:35:21,12,0.002388,0.001666,480
2026-06-02 18:35:21,12,0.002298,0.001566,480
2026-06-02 18:35:21,12,0.002312,0.001736,480
2026-06-02 18:35:21,12,0.002370,0.001637,480
2026-06-02 18:35:21,12,0.002496,0.001640,480
2026-06-02 18:35:21,12,0.002491,0.001803,480
2026-06-02 18:35:21,12,0.002450,0.001570,480
2026-06-02 18:35:21,12,0.002310,0.001719,480
2026-06-02 18:35:21,12,0.002341,0.001566,480
2026-06-02 18:35:21,12,0.002300,0.001573,480
2026-06-02 18:35:21,12,0.002294,0.001606,480
2026-06-02 18:35:21,12,0.002691,0.001844,480
2026-06-02 18:35:21,12,0.002659,0.001906,480
2026-06-02 18:35:21,13,0.004211,0.029675,11032
2026-06-02 18:35:21,13,0.003152,0.012241,11032
2026-06-02 18:35:21,13,0.003073,0.027415,11032
2026-06-02 18:35:21,13,0.003565,0.012540,11032
2026-06-02 18:35:21,13,0.003109,0.024920,11032
2026-06-02 18:35:21,13,0.003102,0.029854,11032
2026-06-02 18:35:21,13,0.003214,0.012838,11032
2026-06-02 18:35:21,13,0.003317,0.027672,11032
2026-06-02 18:35:21,13,0.003052,0.011445,11032
2026-06-02 18:35:21,13,0.003042,0.025294,11032
2026-06-02 18:35:21,13,0.003038,0.030080,11032
2026-06-02 18:35:21,13,0.003122,0.013048,11032
2026-06-02 18:35:21,13,0.003107,0.027400,11032
2026-06-02 18:35:21,13,0.003065,0.011338,11032
2026-06-02 18:35:21,13,0.003364,0.027735,11032
2026-06-02 18:35:21,13,0.003060,0.028192,11032
2026-06-02 18:35:21,13,0.003064,0.011202,11032
2026-06-02 18:35:21,13,0.003059,0.028824,11032
2026-06-02 18:35:21,13,0.003045,0.011211,11032
2026-06-02 18:35:21,13,0.003038,0.026528,11032
2026-06-02 18:35:21,13,0.003038,0.029117,11032
2026-06-02 18:35:21,13,0.004234,0.014227,11032
2026-06-02 18:35:21,13,0.003259,0.028954,11032
2026-06-02 18:35:21,13,0.003179,0.011309,11032
2026-06-02 18:35:21,13,0.003055,0.027847,11032
2026-06-02 18:35:21,13,0.003407,0.029562,11032
2026-06-02 18:35:21,13,0.003041,0.011824,11032
2026-06-02 18:35:21,13,0.003175,0.029210,11032
2026-06-02 18:35:21,13,0.003853,0.012498,11032
2026-06-02 18:35:21,13,0.003145,0.027015,11032
2026-06-02 18:35:21,13,0.003090,0.011243,11032
2026-06-02 18:35:21,13,0.003037,0.025991,11032
2026-06-02 18:35:21,13,0.003563,0.028671,11032
2026-06-02 18:35:21,13,0.003041,0.011725,11032
2026-06-02 18:35:21,13,0.003075,0.026686,11032
2026-06-02 18:35:21,13,0.003041,0.012902,11032
2026-06-02 18:35:21,13,0.003356,0.025468,11032
2026-06-02 18:35:21,13,0.003078,0.028054,11032
2026-06-02 18:35:21,13,0.003039,0.011428,11032
2026-06-02 18:35:21,13,0.003041,0.029137,11032
2026-06-02 18:35:21,13,0.003046,0.011309,11032
2026-06-02 18:35:21,13,0.003043,0.026089,11032
2026-06-02 18:35:21,13,0.003086,0.031074,11032
2026-06-02 18:35:21,13,0.003071,0.011240,11032
2026-06-02 18:35:21,13,0.003049,0.027455,11032
2026-06-02 18:35:21,13,0.003048,0.011207,11032
2026-06-02 18:35:21,13,0.003039,0.029316,11032
2026-06-02 18:35:21,13,0.003208,0.029627,11032
2026-06-02 18:35:21,13,0.003042,0.011338,11032
2026-06-02 18:35:21,13,0.003178,0.029453,11032
2026-06-02 18:35:21,13,0.003253,0.012081,11032
2026-06-02 18:35:21,13,0.003036,0.026456,11032
2026-06-02 18:35:21,13,0.003151,0.028859,11032
2026-06-02 18:35:21,13,0.003135,0.013415,11032
2026-06-02 18:35:21,13,0.003145,0.027649,11032
2026-06-02 18:35:21,13,0.003251,0.011706,11032
2026-06-02 18:35:21,13,0.003032,0.026923,11032
2026-06-02 18:35:21,13,0.004212,0.032826,11032
2026-06-02 18:35:21,13,0.003267,0.012799,11032
2026-06-02 18:35:21,13,0.003041,0.028513,11032
2026-06-02 18:35:21,13,0.003211,0.013851,11032
2026-06-02 18:35:21,13,0.003252,0.027483,11032
2026-06-02 18:35:21,13,0.003193,0.011749,11032
2026-06-02 18:35:21,13,0.003101,0.025747,11032
2026-06-02 18:35:21,13,0.003731,0.029471,11032
2026-06-02 18:35:21,13,0.003041,0.011328,11032
2026-06-02 18:35:21,13,0.003334,0.026907,11032
2026-06-02 18:35:21,13,0.003035,0.012729,11032
2026-06-02 18:35:21,13,0.003298,0.025641,11032
2026-06-02 18:35:21,13,0.003033,0.028522,11032
2026-06-02 18:35:21,13,0.003313,0.012262,11032
2026-06-02 18:35:21,13,0.003086,0.029241,11032
2026-06-02 18:35:21,13,0.003037,0.012191,11032
2026-06-02 18:35:21,13,0.003103,0.025895,11032
2026-06-02 18:35:21,13,0.003150,0.030411,11032
2026-06-02 18:35:21,13,0.003238,0.011859,11032
2026-06-02 18:35:21,13,0.003041,0.027831,11032
2026-06-02 18:35:21,13,0.003057,0.011475,11032
2026-06-02 18:35:21,13,0.003061,0.028374,11032
2026-06-02 18:35:21,13,0.003162,0.028682,11032
2026-06-02 18:35:21,13,0.003084,0.011446,11032
2026-06-02 18:35:21,13,0.003049,0.030187,11032
2026-06-02 18:35:21,13,0.003283,0.012260,11032
2026-06-02 18:35:21,13,0.003827,0.028958,11032
2026-06-02 18:35:21,13,0.003397,0.033449,11032
2026-06-02 18:35:21,13,0.003998,0.013170,11032
2026-06-02 18:35:21,13,0.005161,0.037567,11032
2026-06-02 18:35:21,13,0.004066,0.014339,11032
2026-06-02 18:35:21,13,0.004351,0.031549,11032
2026-06-02 18:35:21,13,0.003391,0.034276,11032
2026-06-02 18:35:21,13,0.003473,0.013548,11032
2026-06-02 18:35:21,13,0.003991,0.036088,11032
2026-06-02 18:35:21,13,0.003870,0.013543,11032
2026-06-02 18:35:21,13,0.003610,0.030019,11032
2026-06-02 18:35:21,13,0.003805,0.015258,11032
2026-06-02 18:35:21,13,0.003544,0.029471,11032
2026-06-02 18:35:21,13,0.003257,0.033930,11032
2026-06-02 18:35:21,13,0.003923,0.014581,11032
2026-06-02 18:35:21,13,0.003910,0.039991,11032
2026-06-02 18:35:21,13,0.004663,0.015581,11032
2026-06-02 18:35:21,14,0.004938,0.021073,1600
2026-06-02 18:35:21,14,0.003501,0.003983,1600
2026-06-02 18:35:21,14,0.003617,0.003229,1600
2026-06-02 18:35:21,14,0.003750,0.004234,1600
2026-06-02 18:35:21,14,0.003614,0.003030,1600
2026-06-02 18:35:21,14,0.004123,0.003892,1600
2026-06-02 18:35:21,14,0.003183,0.003202,1600
2026-06-02 18:35:21,14,0.004224,0.003539,1600
2026-06-02 18:35:21,14,0.003281,0.003571,1600
2026-06-02 18:35:21,14,0.004045,0.003802,1600
2026-06-02 18:35:21,14,0.004459,0.003186,1600
2026-06-02 18:35:21,14,0.003205,0.003002,1600
2026-06-02 18:35:21,14,0.004315,0.019192,1600
2026-06-02 18:35:21,14,0.003099,0.002935,1600
2026-06-02 18:35:21,14,0.004106,0.003711,1600
2026-06-02 18:35:21,14,0.003166,0.002978,1600
2026-06-02 18:35:21,14,0.004214,0.003433,1600
2026-06-02 18:35:21,14,0.003270,0.003269,1600
2026-06-02 18:35:21,14,0.004080,0.004052,1600
2026-06-02 18:35:21,14,0.003563,0.004164,1600
2026-06-02 18:35:21,14,0.003309,0.003012,1600
2026-06-02 18:35:21,14,0.003875,0.003819,1600
2026-06-02 18:35:21,14,0.003201,0.003026,1600
2026-06-02 18:35:21,14,0.004239,0.003478,1600
2026-06-02 18:35:21,14,0.003126,0.018506,1600
2026-06-02 18:35:21,14,0.004277,0.003401,1600
2026-06-02 18:35:21,14,0.003078,0.003001,1600
2026-06-02 18:35:21,14,0.004322,0.004022,1600
2026-06-02 18:35:21,14,0.003597,0.003573,1600
2026-06-02 18:35:21,14,0.003445,0.003323,1600
2026-06-02 18:35:21,14,0.003115,0.003306,1600
2026-06-02 18:35:21,14,0.003980,0.003390,1600
2026-06-02 18:35:21,14,0.003454,0.003761,1600
2026-06-02 18:35:21,14,0.003132,0.002890,1600
2026-06-02 18:35:21,14,0.003539,0.003698,1600
2026-06-02 18:35:21,14,0.003342,0.003102,1600
2026-06-02 18:35:21,14,0.003825,0.018155,1600
2026-06-02 18:35:21,14,0.004108,0.004354,1600
2026-06-02 18:35:21,14,0.003362,0.003663,1600
2026-06-02 18:35:21,14,0.003575,0.003023,1600
2026-06-02 18:35:21,14,0.003203,0.003029,1600
2026-06-02 18:35:21,14,0.004221,0.003159,1600
2026-06-02 18:35:21,14,0.003173,0.003131,1600
2026-06-02 18:35:21,14,0.004146,0.004074,1600
2026-06-02 18:35:21,14,0.003870,0.003413,1600
2026-06-02 18:35:21,14,0.003655,0.003161,1600
2026-06-02 18:35:21,14,0.003858,0.003584,1600
2026-06-02 18:35:21,14,0.003675,0.003517,1600
2026-06-02 18:35:21,14,0.004079,0.019894,1600
2026-06-02 18:35:21,14,0.003578,0.003534,1600
2026-06-02 18:35:21,14,0.003613,0.003541,1600
2026-06-02 18:35:21,14,0.003541,0.003488,1600
2026-06-02 18:35:21,14,0.003540,0.003274,1600
2026-06-02 18:35:21,14,0.003587,0.003206,1600
2026-06-02 18:35:21,14,0.003651,0.003431,1600
2026-06-02 18:35:21,14,0.003560,0.003624,1600
2026-06-02 18:35:21,14,0.003937,0.003678,1600
2026-06-02 18:35:21,14,0.003974,0.004164,1600
2026-06-02 18:35:21,14,0.003824,0.003565,1600
2026-06-02 18:35:21,14,0.003928,0.003671,1600
2026-06-02 18:35:21,14,0.003729,0.019889,1600
2026-06-02 18:35:21,14,0.003744,0.003780,1600
2026-06-02 18:35:21,14,0.003801,0.003661,1600
2026-06-02 18:35:21,14,0.003825,0.003400,1600
2026-06-02 18:35:21,14,0.004069,0.003746,1600
2026-06-02 18:35:21,14,0.003905,0.003632,1600
2026-06-02 18:35:21,14,0.004315,0.003933,1600
2026-06-02 18:35:21,14,0.004086,0.003883,1600
2026-06-02 18:35:21,14,0.003998,0.003895,1600
2026-06-02 18:35:21,14,0.004063,0.003908,1600
2026-06-02 18:35:21,14,0.004000,0.003894,1600
2026-06-02 18:35:21,14,0.004032,0.003852,1600
2026-06-02 18:35:21,14,0.003960,0.020963,1600
2026-06-02 18:35:21,14,0.003988,0.004097,1600
2026-06-02 18:35:21,14,0.004411,0.003927,1600
2026-06-02 18:35:21,14,0.004148,0.003911,1600
2026-06-02 18:35:21,14,0.004197,0.003820,1600
2026-06-02 18:35:21,14,0.004164,0.004047,1600
2026-06-02 18:35:21,14,0.004240,0.004001,1600
2026-06-02 18:35:21,14,0.004227,0.004404,1600
2026-06-02 18:35:21,14,0.004320,0.004109,1600
2026-06-02 18:35:21,14,0.004282,0.004077,1600
2026-06-02 18:35:21,14,0.004303,0.004177,1600
2026-06-02 18:35:21,14,0.004381,0.004960,1600
2026-06-02 18:35:21,14,0.004844,0.021670,1600
2026-06-02 18:35:21,14,0.004310,0.004100,1600
2026-06-02 18:35:21,14,0.004248,0.003998,1600
2026-06-02 18:35:21,14,0.004508,0.004377,1600
2026-06-02 18:35:21,14,0.004393,0.004175,1600
2026-06-02 18:35:21,14,0.004441,0.004225,1600
2026-06-02 18:35:21,14,0.004529,0.004401,1600
2026-06-02 18:35:21,14,0.004470,0.004375,1600
2026-06-02 18:35:21,14,0.004436,0.004452,1600
2026-06-02 18:35:21,14,0.004435,0.004346,1600
2026-06-02 18:35:21,14,0.004375,0.004417,1600
2026-06-02 18:35:21,14,0.004428,0.004285,1600
2026-06-02 18:35:21,14,0.004374,0.004361,1600
2026-06-02 18:35:21,14,0.004530,0.021246,1600
2026-06-02 18:35:21,14,0.004768,0.004381,1600
2026-06-02 18:35:21,14,0.004562,0.004226,1600
2026-06-02 18:35:21,15,0.007204,0.013648,8748
2026-06-02 18:35:21,15,0.006412,0.032707,8748
2026-06-02 18:35:21,15,0.006331,0.014506,8748
2026-06-02 18:35:21,15,0.006656,0.035232,8748
2026-06-02 18:35:21,15,0.006666,0.014200,8748
2026-06-02 18:35:21,15,0.006618,0.036519,8748
2026-06-02 18:35:21,15,0.006603,0.014253,8748
2026-06-02 18:35:21,15,0.009591,0.014843,8748
2026-06-02 18:35:21,15,0.006950,0.033460,8748
2026-06-02 18:35:21,15,0.008031,0.014517,8748
2026-06-02 18:35:21,15,0.006641,0.033134,8748
2026-06-02 18:35:21,15,0.007065,0.015194,8748
2026-06-02 18:35:21,15,0.006876,0.034240,8748
2026-06-02 18:35:21,15,0.006876,0.014612,8748
2026-06-02 18:35:21,15,0.007270,0.035478,8748
2026-06-02 18:35:21,15,0.006890,0.014518,8748
2026-06-02 18:35:21,15,0.012436,0.045958,8748
2026-06-02 18:35:21,15,0.007725,0.016293,8748
2026-06-02 18:35:21,15,0.007527,0.040569,8748
2026-06-02 18:35:21,15,0.007865,0.017265,8748
2026-06-02 18:35:21,15,0.008152,0.044115,8748
2026-06-02 18:35:21,15,0.007966,0.017241,8748
2026-06-02 18:35:21,15,0.007983,0.017081,8748
2026-06-02 18:35:21,15,0.008034,0.037794,8748
2026-06-02 18:35:21,15,0.008114,0.017667,8748
2026-06-02 18:35:21,15,0.008302,0.039470,8748
2026-06-02 18:35:21,15,0.008752,0.017833,8748
2026-06-02 18:35:21,15,0.008265,0.040011,8748
2026-06-02 18:35:21,15,0.008140,0.018899,8748
2026-06-02 18:35:21,15,0.008488,0.041932,8748
2026-06-02 18:35:21,15,0.008523,0.018089,8748
2026-06-02 18:35:21,15,0.008651,0.040477,8748
2026-06-02 18:35:21,15,0.008488,0.017187,8748
2026-06-02 18:35:21,15,0.008378,0.044422,8748
2026-06-02 18:35:21,15,0.008643,0.018180,8748
2026-06-02 18:35:21,15,0.008489,0.045951,8748
2026-06-02 18:35:21,15,0.008643,0.018871,8748
2026-06-02 18:35:21,15,0.008734,0.018565,8748
2026-06-02 18:35:21,15,0.008873,0.038316,8748
2026-06-02 18:35:21,15,0.008369,0.017730,8748
2026-06-02 18:35:21,15,0.008387,0.040699,8748
2026-06-02 18:35:21,15,0.008154,0.016909,8748
2026-06-02 18:35:21,15,0.008113,0.039860,8748
2026-06-02 18:35:21,15,0.008007,0.016853,8748
2026-06-02 18:35:21,15,0.007840,0.040448,8748
2026-06-02 18:35:21,15,0.008042,0.017611,8748
2026-06-02 18:35:21,15,0.008185,0.040751,8748
2026-06-02 18:35:21,15,0.008347,0.017067,8748
2026-06-02 18:35:21,15,0.007973,0.040256,8748
2026-06-02 18:35:21,15,0.007889,0.017355,8748
2026-06-02 18:35:21,15,0.007913,0.040742,8748
2026-06-02 18:35:21,15,0.007852,0.016566,8748
2026-06-02 18:35:21,15,0.007950,0.017139,8748
2026-06-02 18:35:21,15,0.007897,0.036399,8748
2026-06-02 18:35:21,15,0.007829,0.016929,8748
2026-06-02 18:35:21,15,0.008263,0.036921,8748
2026-06-02 18:35:21,15,0.007869,0.016536,8748
2026-06-02 18:35:21,15,0.007828,0.039239,8748
2026-06-02 18:35:21,15,0.008038,0.016715,8748
2026-06-02 18:35:21,15,0.007545,0.039425,8748
2026-06-02 18:35:21,15,0.007558,0.016029,8748
2026-06-02 18:35:21,15,0.007537,0.038897,8748
2026-06-02 18:35:21,15,0.007841,0.016836,8748
2026-06-02 18:35:21,15,0.007533,0.040802,8748
2026-06-02 18:35:21,15,0.007718,0.016775,8748
2026-06-02 18:35:21,15,0.012313,0.045951,8748
2026-06-02 18:35:21,15,0.007656,0.016697,8748
2026-06-02 18:35:21,15,0.012594,0.016622,8748
2026-06-02 18:35:21,15,0.007597,0.036475,8748
2026-06-02 18:35:21,15,0.007665,0.023148,8748
2026-06-02 18:35:21,15,0.007661,0.037379,8748
2026-06-02 18:35:21,15,0.007757,0.016371,8748
2026-06-02 18:35:21,15,0.007888,0.038186,8748
2026-06-02 18:35:21,15,0.007653,0.016487,8748
2026-06-02 18:35:21,15,0.007669,0.039766,8748
2026-06-02 18:35:21,15,0.007613,0.016131,8748
2026-06-02 18:35:21,15,0.007611,0.040042,8748
2026-06-02 18:35:21,15,0.007677,0.016482,8748
2026-06-02 18:35:21,15,0.007700,0.040556,8748
2026-06-02 18:35:21,15,0.007721,0.016717,8748
2026-06-02 18:35:21,15,0.007780,0.041386,8748
2026-06-02 18:35:21,15,0.007709,0.016799,8748
2026-06-02 18:35:21,15,0.007904,0.017049,8748
2026-06-02 18:35:21,15,0.007944,0.036899,8748
2026-06-02 18:35:21,15,0.007677,0.017586,8748
2026-06-02 18:35:21,15,0.007686,0.038077,8748
2026-06-02 18:35:21,15,0.007362,0.015656,8748
2026-06-02 18:35:21,15,0.007604,0.036622,8748
2026-06-02 18:35:21,15,0.007305,0.015616,8748
2026-06-02 18:35:21,15,0.007336,0.039133,8748
2026-06-02 18:35:21,15,0.007531,0.015891,8748
2026-06-02 18:35:21,15,0.007217,0.037215,8748
2026-06-02 18:35:21,15,0.007281,0.016047,8748
2026-06-02 18:35:21,15,0.007509,0.039722,8748
2026-06-02 18:35:21,15,0.007632,0.016894,8748
2026-06-02 18:35:21,15,0.007806,0.016902,8748
2026-06-02 18:35:21,15,0.007764,0.035616,8748
2026-06-02 18:35:21,15,0.007732,0.017159,8748
2026-06-02 18:35:21,15,0.007664,0.036046,8748
2026-06-02 18:35:21,15,0.007568,0.015871,8748
2026-06-02 18:35:21,16,0.009061,0.032575,3362
2026-06-02 18:35:21,16,0.008334,0.012575,3362
2026-06-02 18:35:21,16,0.008368,0.012128,3362
2026-06-02 18:35:21,16,0.008457,0.012782,3362
2026-06-02 18:35:21,16,0.008307,0.031603,3362
2026-06-02 18:35:21,16,0.008353,0.012242,3362
2026-06-02 18:35:21,16,0.008409,0.012936,3362
2026-06-02 18:35:21,16,0.008386,0.034250,3362
2026-06-02 18:35:21,16,0.008645,0.012865,3362
2026-06-02 18:35:21,16,0.008549,0.013447,3362
2026-06-02 18:35:21,16,0.008781,0.013023,3362
2026-06-02 18:35:21,16,0.008591,0.033798,3362
2026-06-02 18:35:21,16,0.008607,0.013578,3362
2026-06-02 18:35:21,16,0.008846,0.012943,3362
2026-06-02 18:35:21,16,0.008819,0.012416,3362
2026-06-02 18:35:21,16,0.008546,0.038527,3362
2026-06-02 18:35:21,16,0.008629,0.012881,3362
2026-06-02 18:35:21,16,0.008752,0.012567,3362
2026-06-02 18:35:21,16,0.008875,0.038355,3362
2026-06-02 18:35:21,16,0.010513,0.013294,3362
2026-06-02 18:35:21,16,0.008597,0.013107,3362
2026-06-02 18:35:21,16,0.008869,0.017601,3362
2026-06-02 18:35:21,16,0.008943,0.033873,3362
2026-06-02 18:35:21,16,0.008602,0.012698,3362
2026-06-02 18:35:21,16,0.009361,0.018986,3362
2026-06-02 18:35:21,16,0.008596,0.013917,3362
2026-06-02 18:35:21,16,0.008598,0.033606,3362
2026-06-02 18:35:21,16,0.015169,0.012869,3362
2026-06-02 18:35:21,16,0.008570,0.012408,3362
2026-06-02 18:35:21,16,0.008770,0.011996,3362
2026-06-02 18:35:21,16,0.008557,0.037197,3362
2026-06-02 18:35:21,16,0.008815,0.012269,3362
2026-06-02 18:35:21,16,0.009214,0.012733,3362
2026-06-02 18:35:21,16,0.008670,0.039330,3362
2026-06-02 18:35:21,16,0.008424,0.012139,3362
2026-06-02 18:35:21,16,0.008474,0.012145,3362
2026-06-02 18:35:21,16,0.008387,0.012773,3362
2026-06-02 18:35:21,16,0.008525,0.032695,3362
2026-06-02 18:35:21,16,0.008180,0.011848,3362
2026-06-02 18:35:21,16,0.008268,0.012698,3362
2026-06-02 18:35:21,16,0.008204,0.012029,3362
2026-06-02 18:35:21,16,0.008104,0.030627,3362
2026-06-02 18:35:21,16,0.008070,0.011768,3362
2026-06-02 18:35:21,16,0.008371,0.012038,3362
2026-06-02 18:35:21,16,0.008067,0.032368,3362
2026-06-02 18:35:21,16,0.008109,0.012478,3362
2026-06-02 18:35:21,16,0.008309,0.012152,3362
2026-06-02 18:35:21,16,0.008043,0.011950,3362
2026-06-02 18:35:21,16,0.008203,0.031361,3362
2026-06-02 18:35:21,16,0.008046,0.012667,3362
2026-06-02 18:35:21,16,0.008619,0.012837,3362
2026-06-02 18:35:21,16,0.008397,0.012235,3362
2026-06-02 18:35:21,16,0.008378,0.031980,3362
2026-06-02 18:35:21,16,0.008476,0.012562,3362
2026-06-02 18:35:21,16,0.008352,0.012184,3362
2026-06-02 18:35:21,16,0.008341,0.034058,3362
2026-06-02 18:35:21,16,0.008405,0.012772,3362
2026-06-02 18:35:21,16,0.008383,0.012322,3362
2026-06-02 18:35:21,16,0.008337,0.012201,3362
2026-06-02 18:35:21,16,0.008368,0.033519,3362
2026-06-02 18:35:21,16,0.008421,0.012297,3362
2026-06-02 18:35:21,16,0.008370,0.012091,3362
2026-06-02 18:35:21,16,0.008379,0.012232,3362
2026-06-02 18:35:21,16,0.008507,0.032192,3362
2026-06-02 18:35:21,16,0.008406,0.012279,3362
2026-06-02 18:35:21,16,0.008282,0.012081,3362
2026-06-02 18:35:21,16,0.008348,0.032826,3362
2026-06-02 18:35:21,16,0.008068,0.012003,3362
2026-06-02 18:35:21,16,0.008006,0.011712,3362
2026-06-02 18:35:21,16,0.008111,0.012492,3362
2026-06-02 18:35:21,16,0.008033,0.031831,3362
2026-06-02 18:35:21,16,0.008001,0.011495,3362
2026-06-02 18:35:21,16,0.008030,0.012008,3362
2026-06-02 18:35:21,16,0.008164,0.011794,3362
2026-06-02 18:35:21,16,0.008059,0.030571,3362
2026-06-02 18:35:21,16,0.008014,0.011734,3362
2026-06-02 18:35:21,16,0.008259,0.011998,3362
2026-06-02 18:35:21,16,0.008019,0.011390,3362
2026-06-02 18:35:21,16,0.008026,0.030041,3362
2026-06-02 18:35:21,16,0.008147,0.012062,3362
2026-06-02 18:35:21,16,0.008136,0.011836,3362
2026-06-02 18:35:21,16,0.008019,0.031818,3362
2026-06-02 18:35:21,16,0.008127,0.012662,3362
2026-06-02 18:35:21,16,0.008253,0.012221,3362
2026-06-02 18:35:21,16,0.008052,0.011721,3362
2026-06-02 18:35:21,16,0.008082,0.032354,3362
2026-06-02 18:35:21,16,0.008512,0.012460,3362
2026-06-02 18:35:21,16,0.008410,0.012274,3362
2026-06-02 18:35:21,16,0.008356,0.012065,3362
2026-06-02 18:35:21,16,0.008341,0.032510,3362
2026-06-02 18:35:21,16,0.008366,0.012063,3362
2026-06-02 18:35:21,16,0.008339,0.012064,3362
2026-06-02 18:35:21,16,0.008368,0.034468,3362
2026-06-02 18:35:21,16,0.008363,0.012218,3362
2026-06-02 18:35:21,16,0.008043,0.011839,3362
2026-06-02 18:35:21,16,0.008026,0.011547,3362
2026-06-02 18:35:21,16,0.008276,0.031787,3362
2026-06-02 18:35:21,16,0.008080,0.011725,3362
2026-06-02 18:35:21,16,0.007994,0.011614,3362
2026-06-02 18:35:21,16,0.008016,0.012783,3362
2026-06-02 18:35:21,17,0.008764,0.038969,13374
2026-06-02 18:35:21,17,0.008903,0.043717,13374
2026-06-02 18:35:21,17,0.008778,0.019964,13374
2026-06-02 18:35:21,17,0.008833,0.042991,13374
2026-06-02 18:35:21,17,0.008765,0.020137,13374
2026-06-02 18:35:21,17,0.008692,0.040866,13374
2026-06-02 18:35:21,17,0.008805,0.043462,13374
2026-06-02 18:35:21,17,0.008805,0.020705,13374
2026-06-02 18:35:21,17,0.008739,0.043163,13374
2026-06-02 18:35:21,17,0.008844,0.019853,13374
2026-06-02 18:35:21,17,0.008967,0.040876,13374
2026-06-02 18:35:21,17,0.008824,0.019861,13374
2026-06-02 18:35:21,17,0.009047,0.039891,13374
2026-06-02 18:35:21,17,0.008799,0.044518,13374
2026-06-02 18:35:21,17,0.008840,0.020101,13374
2026-06-02 18:35:21,17,0.008679,0.042461,13374
2026-06-02 18:35:21,17,0.008845,0.020164,13374
2026-06-02 18:35:21,17,0.008695,0.039102,13374
2026-06-02 18:35:21,17,0.008831,0.043237,13374
2026-06-02 18:35:21,17,0.008861,0.020198,13374
2026-06-02 18:35:21,17,0.009001,0.042955,13374
2026-06-02 18:35:21,17,0.008832,0.020165,13374
2026-06-02 18:35:21,17,0.009145,0.039886,13374
2026-06-02 18:35:21,17,0.008764,0.045639,13374
2026-06-02 18:35:21,17,0.008915,0.020187,13374
2026-06-02 18:35:21,17,0.008705,0.042972,13374
2026-06-02 18:35:21,17,0.009010,0.020009,13374
2026-06-02 18:35:21,17,0.008688,0.041053,13374
2026-06-02 18:35:21,17,0.008960,0.020481,13374
2026-06-02 18:35:21,17,0.008644,0.039052,13374
2026-06-02 18:35:21,17,0.009582,0.045191,13374
2026-06-02 18:35:21,17,0.009294,0.020627,13374
2026-06-02 18:35:21,17,0.010596,0.044833,13374
2026-06-02 18:35:21,17,0.009576,0.021482,13374
2026-06-02 18:35:21,17,0.009912,0.040858,13374
2026-06-02 18:35:21,17,0.009020,0.046515,13374
2026-06-02 18:35:21,17,0.009011,0.020754,13374
2026-06-02 18:35:21,17,0.008992,0.046724,13374
2026-06-02 18:35:21,17,0.009046,0.021519,13374
2026-06-02 18:35:21,17,0.009394,0.043853,13374
2026-06-02 18:35:21,17,0.008950,0.020257,13374
2026-06-02 18:35:21,17,0.008724,0.039087,13374
2026-06-02 18:35:21,17,0.008924,0.047021,13374
2026-06-02 18:35:21,17,0.009504,0.021664,13374
2026-06-02 18:35:21,17,0.009434,0.048964,13374
2026-06-02 18:35:21,17,0.010814,0.027492,13374
2026-06-02 18:35:21,17,0.010298,0.045561,13374
2026-06-02 18:35:21,17,0.010400,0.052678,13374
2026-06-02 18:35:21,17,0.011899,0.026355,13374
2026-06-02 18:35:21,17,0.011177,0.063144,13374
2026-06-02 18:35:21,17,0.013076,0.025776,13374
2026-06-02 18:35:21,17,0.011346,0.051905,13374
2026-06-02 18:35:21,17,0.011538,0.059854,13374
2026-06-02 18:35:21,17,0.012970,0.026385,13374
2026-06-02 18:35:21,17,0.011439,0.057830,13374
2026-06-02 18:35:21,17,0.011891,0.026267,13374
2026-06-02 18:35:21,17,0.011464,0.053359,13374
2026-06-02 18:35:21,17,0.013469,0.040662,13374
2026-06-02 18:35:21,17,0.013944,0.060888,13374
2026-06-02 18:35:21,17,0.013356,0.063209,13374
2026-06-02 18:35:21,17,0.014296,0.031069,13374
2026-06-02 18:35:21,17,0.014984,0.063724,13374
2026-06-02 18:35:21,17,0.013931,0.029734,13374
2026-06-02 18:35:21,17,0.013704,0.058651,13374
2026-06-02 18:35:21,17,0.013071,0.059595,13374
2026-06-02 18:35:21,17,0.012201,0.028204,13374
2026-06-02 18:35:21,17,0.012870,0.054815,13374
2026-06-02 18:35:21,17,0.011759,0.031443,13374
2026-06-02 18:35:21,17,0.011705,0.054212,13374
2026-06-02 18:35:21,17,0.011667,0.028883,13374
2026-06-02 18:35:21,17,0.011179,0.048749,13374
2026-06-02 18:35:21,17,0.011032,0.054665,13374
2026-06-02 18:35:21,17,0.011694,0.025484,13374
2026-06-02 18:35:21,17,0.010994,0.050732,13374
2026-06-02 18:35:21,17,0.010521,0.025058,13374
2026-06-02 18:35:21,17,0.010421,0.046739,13374
2026-06-02 18:35:21,17,0.010732,0.051890,13374
2026-06-02 18:35:21,17,0.010673,0.024241,13374
2026-06-02 18:35:21,17,0.010463,0.051372,13374
2026-06-02 18:35:21,17,0.010804,0.024571,13374
2026-06-02 18:35:21,17,0.010575,0.049635,13374
2026-06-02 18:35:21,17,0.010635,0.053794,13374
2026-06-02 18:35:21,17,0.010674,0.024898,13374
2026-06-02 18:35:21,17,0.010584,0.050667,13374
2026-06-02 18:35:21,17,0.010102,0.023329,13374
2026-06-02 18:35:21,17,0.010063,0.047274,13374
2026-06-02 18:35:21,17,0.010637,0.023337,13374
2026-06-02 18:35:21,17,0.009976,0.045557,13374
2026-06-02 18:35:21,17,0.010096,0.049866,13374
2026-06-02 18:35:21,17,0.010123,0.023222,13374
2026-06-02 18:35:21,17,0.010031,0.048533,13374
2026-06-02 18:35:21,17,0.010128,0.022945,13374
2026-06-02 18:35:21,17,0.009963,0.046260,13374
2026-06-02 18:35:21,17,0.010155,0.050063,13374
2026-06-02 18:35:21,17,0.010210,0.023680,13374
2026-06-02 18:35:21,17,0.009916,0.047855,13374
2026-06-02 18:35:21,17,0.010268,0.023046,13374
2026-06-02 18:35:21,17,0.010023,0.046648,13374
2026-06-02 18:35:21,17,0.010462,0.023502,13374
2026-06-02 18:35:21,17,0.010060,0.043447,13374
2026-06-02 18:35:21,18,0.018203,3.397791,937755
2026-06-02 18:35:21,18,0.017027,2.834414,937755
2026-06-02 18:35:21,18,0.017545,2.668440,937755
2026-06-02 18:35:21,18,0.017010,3.543032,937755
2026-06-02 18:35:21,18,0.020877,3.391477,937755
2026-06-02 18:35:21,18,0.017661,3.387563,937755
2026-06-02 18:35:21,18,0.018541,2.945746,937755
2026-06-02 18:35:21,18,0.017696,3.306567,937755
2026-06-02 18:35:21,18,0.016989,2.926680,937755
2026-06-02 18:35:21,18,0.016978,3.057563,937755
2026-06-02 18:35:21,18,0.016984,2.828588,937755
2026-06-02 18:35:21,18,0.017164,3.160368,937755
2026-06-02 18:35:21,18,0.016828,2.921762,937755
2026-06-02 18:35:21,18,0.018629,3.025631,937755
2026-06-02 18:35:21,18,0.018177,2.950204,937755
2026-06-02 18:35:21,18,0.018100,3.339066,937755
2026-06-02 18:35:21,18,0.021756,3.517717,937755
2026-06-02 18:35:21,18,0.021783,3.185715,937755
2026-06-02 18:35:21,18,0.016857,2.966630,937755
2026-06-02 18:35:21,18,0.016765,2.939516,937755
2026-06-02 18:35:21,18,0.016023,3.689339,937755
2026-06-02 18:35:21,18,0.025705,4.066971,937755
2026-06-02 18:35:21,18,0.021508,3.624092,937755
2026-06-02 18:35:21,18,0.024316,3.382185,937755
2026-06-02 18:35:21,18,0.017730,3.143681,937755
2026-06-02 18:35:21,18,0.017779,6.932082,937755
2026-06-02 18:35:21,18,0.050524,5.431282,937755
2026-06-02 18:35:21,18,0.042197,4.344745,937755
2026-06-02 18:35:21,18,0.021708,3.304889,937755
2026-06-02 18:35:21,18,0.017049,2.833121,937755
2026-06-02 18:35:21,18,0.034748,5.632668,937755
2026-06-02 18:35:21,18,0.035225,4.505332,937755
2026-06-02 18:35:21,18,0.026701,4.758121,937755
2026-06-02 18:35:21,18,0.030215,4.057658,937755
2026-06-02 18:35:21,18,0.020058,3.480757,937755
2026-06-02 18:35:21,18,0.018847,3.248599,937755
2026-06-02 18:35:21,18,0.017697,3.323305,937755
2026-06-02 18:35:21,18,0.018573,3.261595,937755
2026-06-02 18:35:21,18,0.017762,3.298481,937755
2026-06-02 18:35:21,18,0.018772,3.273364,937755
2026-06-02 18:35:21,18,0.018654,3.248113,937755
2026-06-02 18:35:21,18,0.018071,3.236473,937755
2026-06-02 18:35:21,18,0.018081,3.266479,937755
2026-06-02 18:35:21,18,0.018833,3.253795,937755
2026-06-02 18:35:21,18,0.030395,3.258485,937755
2026-06-02 18:35:21,18,0.018840,3.220296,937755
2026-06-02 18:35:21,18,0.018581,3.290387,937755
2026-06-02 18:35:21,18,0.018428,3.283011,937755
2026-06-02 18:35:21,18,0.017817,3.266415,937755
2026-06-02 18:35:21,18,0.018621,3.212814,937755
2026-06-02 18:35:21,18,0.019939,3.261957,937755
2026-06-02 18:35:21,18,0.027587,3.812069,937755
2026-06-02 18:35:21,18,0.027444,4.993857,937755
2026-06-02 18:35:21,18,0.021695,4.019744,937755
2026-06-02 18:35:21,18,0.021623,3.670450,937755
2026-06-02 18:35:21,18,0.020793,4.567978,937755
2026-06-02 18:35:21,18,0.027859,4.222723,937755
2026-06-02 18:35:21,18,0.020841,4.211308,937755
2026-06-02 18:35:21,18,0.032165,3.765948,937755
2026-06-02 18:35:21,18,0.020301,3.672047,937755
2026-06-02 18:35:21,18,0.029554,3.991450,937755
2026-06-02 18:35:21,18,0.024532,3.859739,937755
2026-06-02 18:35:21,18,0.019969,3.810756,937755
2026-06-02 18:35:21,18,0.028578,4.725307,937755
2026-06-02 18:35:21,18,0.029470,5.414761,937755
2026-06-02 18:35:21,18,0.031529,5.946697,937755
2026-06-02 18:35:21,18,0.028714,4.252024,937755
2026-06-02 18:35:21,18,0.027449,4.107173,937755
2026-06-02 18:35:21,18,0.023207,4.714770,937755
2026-06-02 18:35:21,18,0.024903,5.640858,937755
2026-06-02 18:35:21,18,0.037338,5.025075,937755
2026-06-02 18:35:21,18,0.024514,4.206247,937755
2026-06-02 18:35:21,18,0.022721,4.097949,937755
2026-06-02 18:35:21,18,0.025725,4.077145,937755
2026-06-02 18:35:21,18,0.023886,4.244121,937755
2026-06-02 18:35:21,18,0.045934,4.599684,937755
2026-06-02 18:35:21,18,0.026667,5.054820,937755
2026-06-02 18:35:21,18,0.031876,4.940953,937755
2026-06-02 18:35:21,18,0.026398,4.546963,937755
2026-06-02 18:35:21,18,0.026832,4.361967,937755
2026-06-02 18:35:21,18,0.029519,4.528550,937755
2026-06-02 18:35:21,18,0.024153,4.714630,937755
2026-06-02 18:35:21,18,0.032716,4.730364,937755
2026-06-02 18:35:21,18,0.023825,4.093579,937755
2026-06-02 18:35:21,18,0.024979,3.969847,937755
2026-06-02 18:35:21,18,0.030279,3.953855,937755
2026-06-02 18:35:21,18,0.022693,4.712324,937755
2026-06-02 18:35:21,18,0.023947,4.021635,937755
2026-06-02 18:35:21,18,0.023134,3.916330,937755
2026-06-02 18:35:21,18,0.024051,3.975337,937755
2026-06-02 18:35:21,18,0.021708,3.861425,937755
2026-06-02 18:35:21,18,0.022944,3.954555,937755
2026-06-02 18:35:21,18,0.022086,3.920164,937755
2026-06-02 18:35:21,18,0.022978,3.940142,937755
2026-06-02 18:35:21,18,0.023870,3.804273,937755
2026-06-02 18:35:21,18,0.021922,3.974696,937755
2026-06-02 18:35:21,18,0.022441,3.864500,937755
2026-06-02 18:35:21,18,0.022383,3.918689,937755
2026-06-02 18:35:21,18,0.025108,4.468034,937755
2026-06-02 18:35:21,18,0.026751,4.038649,937755
2026-06-02 18:35:21,19,0.017634,0.441726,157544
2026-06-02 18:35:21,19,0.015776,0.674426,157544
2026-06-02 18:35:21,19,0.025955,0.799818,157544
2026-06-02 18:35:21,19,0.016425,0.706682,157544
2026-06-02 18:35:21,19,0.016313,0.788195,157544
2026-06-02 18:35:21,19,0.018164,0.701384,157544
2026-06-02 18:35:21,19,0.015633,0.782248,157544
2026-06-02 18:35:21,19,0.016846,0.698283,157544
2026-06-02 18:35:21,19,0.016251,0.724943,157544
2026-06-02 18:35:21,19,0.017458,0.787675,157544
2026-06-02 18:35:21,19,0.016093,0.723385,157544
2026-06-02 18:35:21,19,0.016646,0.757853,157544
2026-06-02 18:35:21,19,0.017411,0.699015,157544
2026-06-02 18:35:21,19,0.016351,0.728386,157544
2026-06-02 18:35:21,19,0.016819,0.677072,157544
2026-06-02 18:35:21,19,0.015656,0.775079,157544
2026-06-02 18:35:21,19,0.015791,0.675032,157544
2026-06-02 18:35:21,19,0.016293,0.743602,157544
2026-06-02 18:35:21,19,0.015653,0.688836,157544
2026-06-02 18:35:21,19,0.017051,0.788701,157544
2026-06-02 18:35:21,19,0.016124,0.667244,157544
2026-06-02 18:35:21,19,0.015789,0.724336,157544
2026-06-02 18:35:21,19,0.016747,0.682426,157544
2026-06-02 18:35:21,19,0.025983,0.754068,157544
2026-06-02 18:35:21,19,0.029819,0.731990,157544
2026-06-02 18:35:21,19,0.017456,0.763235,157544
2026-06-02 18:35:21,19,0.016647,0.693429,157544
2026-06-02 18:35:21,19,0.016671,0.738735,157544
2026-06-02 18:35:21,19,0.015994,0.694861,157544
2026-06-02 18:35:21,19,0.017971,0.818272,157544
2026-06-02 18:35:21,19,0.016920,0.685205,157544
2026-06-02 18:35:21,19,0.017711,0.717493,157544
2026-06-02 18:35:21,19,0.016288,0.728041,157544
2026-06-02 18:35:21,19,0.016388,0.683279,157544
2026-06-02 18:35:21,19,0.017575,0.859237,157544
2026-06-02 18:35:21,19,0.017955,0.731467,157544
2026-06-02 18:35:21,19,0.016861,0.750161,157544
2026-06-02 18:35:21,19,0.017449,0.672639,157544
2026-06-02 18:35:21,19,0.024388,0.755813,157544
2026-06-02 18:35:21,19,0.015901,0.666735,157544
2026-06-02 18:35:21,19,0.015999,0.729260,157544
2026-06-02 18:35:21,19,0.016666,0.683512,157544
2026-06-02 18:35:21,19,0.016492,0.713689,157544
2026-06-02 18:35:21,19,0.016240,0.668116,157544
2026-06-02 18:35:21,19,0.016502,0.795531,157544
2026-06-02 18:35:21,19,0.027880,0.949664,157544
2026-06-02 18:35:21,19,0.020945,0.852812,157544
2026-06-02 18:35:21,19,0.020614,0.957272,157544
2026-06-02 18:35:21,19,0.022050,0.900675,157544
2026-06-02 18:35:21,19,0.020287,0.813049,157544
2026-06-02 18:35:21,19,0.017876,0.772708,157544
2026-06-02 18:35:21,19,0.017030,0.682994,157544
2026-06-02 18:35:21,19,0.017542,0.730568,157544
2026-06-02 18:35:21,19,0.021089,0.667326,157544
2026-06-02 18:35:21,19,0.016902,0.732367,157544
2026-06-02 18:35:21,19,0.019179,0.772498,157544
2026-06-02 18:35:21,19,0.016380,0.718116,157544
2026-06-02 18:35:21,19,0.017780,0.775560,157544
2026-06-02 18:35:21,19,0.018057,0.745887,157544
2026-06-02 18:35:21,19,0.018292,0.842940,157544
2026-06-02 18:35:21,19,0.020185,0.776851,157544
2026-06-02 18:35:21,19,0.016580,0.679889,157544
2026-06-02 18:35:21,19,0.013522,0.575247,157544
2026-06-02 18:35:21,19,0.013930,0.702697,157544
2026-06-02 18:35:21,19,0.014357,0.641302,157544
2026-06-02 18:35:21,19,0.015740,0.725793,157544
2026-06-02 18:35:21,19,0.019243,0.629289,157544
2026-06-02 18:35:21,19,0.013291,0.628336,157544
2026-06-02 18:35:21,19,0.013220,0.585204,157544
2026-06-02 18:35:21,19,0.017976,0.680056,157544
2026-06-02 18:35:21,19,0.014626,0.638836,157544
2026-06-02 18:35:21,19,0.014535,0.800845,157544
2026-06-02 18:35:21,19,0.018993,0.747863,157544
2026-06-02 18:35:21,19,0.019907,0.720038,157544
2026-06-02 18:35:21,19,0.014494,0.595565,157544
2026-06-02 18:35:21,19,0.017291,0.636824,157544
2026-06-02 18:35:21,19,0.013846,0.563660,157544
2026-06-02 18:35:21,19,0.012940,0.586307,157544
2026-06-02 18:35:21,19,0.013390,0.746033,157544
2026-06-02 18:35:21,19,0.015851,0.703454,157544
2026-06-02 18:35:21,19,0.014720,0.642382,157544
2026-06-02 18:35:21,19,0.013860,0.547499,157544
2026-06-02 18:35:21,19,0.012739,0.583183,157544
2026-06-02 18:35:21,19,0.012811,0.545184,157544
2026-06-02 18:35:21,19,0.012664,0.581018,157544
2026-06-02 18:35:21,19,0.012615,0.542538,157544
2026-06-02 18:35:21,19,0.013269,0.631649,157544
2026-06-02 18:35:21,19,0.013329,0.694740,157544
2026-06-02 18:35:21,19,0.014654,0.651080,157544
2026-06-02 18:35:21,19,0.014009,0.558216,157544
2026-06-02 18:35:21,19,0.013312,0.612921,157544
2026-06-02 18:35:21,19,0.012609,0.594163,157544
2026-06-02 18:35:21,19,0.012781,0.664356,157544
2026-06-02 18:35:21,19,0.014160,0.577567,157544
2026-06-02 18:35:21,19,0.013759,0.583116,157544
2026-06-02 18:35:21,19,0.012782,0.538005,157544
2026-06-02 18:35:21,19,0.012737,0.583977,157544
2026-06-02 18:35:21,19,0.012629,0.545043,157544
2026-06-02 18:35:21,19,0.012734,0.599052,157544
2026-06-02 18:35:21,19,0.012624,0.571502,157544
2026-06-02 18:35:21,20,0.030400,12.161213,2776928
2026-06-02 18:35:21,20,0.030684,11.042739,2776928
2026-06-02 18:35:21,20,0.024288,10.418469,2776928
2026-06-02 18:35:21,20,0.029335,10.228536,2776928
2026-06-02 18:35:21,20,0.023810,11.934007,2776928
2026-06-02 18:35:21,20,0.024239,10.750688,2776928
2026-06-02 18:35:21,20,0.025074,9.983883,2776928
2026-06-02 18:35:21,20,0.024378,11.287495,2776928
2026-06-02 18:35:21,20,0.024670,15.159222,2776928
2026-06-02 18:35:21,20,0.030600,10.860742,2776928
2026-06-02 18:35:21,20,0.023633,12.624882,2776928
2026-06-02 18:35:21,20,0.027893,11.361402,2776928
2026-06-02 18:35:21,20,0.024623,12.897222,2776928
2026-06-02 18:35:21,20,0.024590,10.078341,2776928
2026-06-02 18:35:21,20,0.027530,11.624580,2776928
2026-06-02 18:35:21,20,0.026831,11.377119,2776928
2026-06-02 18:35:21,20,0.026578,11.495694,2776928
2026-06-02 18:35:21,20,0.027050,11.041217,2776928
2026-06-02 18:35:21,20,0.025741,12.079644,2776928
2026-06-02 18:35:21,20,0.032080,12.376228,2776928
2026-06-02 18:35:21,20,0.025483,10.848360,2776928
2026-06-02 18:35:21,20,0.026122,12.415539,2776928
2026-06-02 18:35:21,20,0.026185,10.763454,2776928
2026-06-02 18:35:21,20,0.025309,9.951028,2776928
2026-06-02 18:35:21,20,0.024641,10.204582,2776928
2026-06-02 18:35:21,20,0.025599,11.376682,2776928
2026-06-02 18:35:21,20,0.025275,10.650747,2776928
2026-06-02 18:35:21,20,0.028733,11.237209,2776928
2026-06-02 18:35:21,20,0.025157,10.779366,2776928
2026-06-02 18:35:21,20,0.026258,10.779443,2776928
2026-06-02 18:35:21,20,0.025337,11.983411,2776928
2026-06-02 18:35:21,20,0.024982,11.084002,2776928
2026-06-02 18:35:21,20,0.024973,9.952420,2776928
2026-06-02 18:35:21,20,0.028025,11.673516,2776928
2026-06-02 18:35:21,20,0.024842,10.933832,2776928
2026-06-02 18:35:21,20,0.026909,10.050465,2776928
2026-06-02 18:35:21,20,0.023917,11.188074,2776928
2026-06-02 18:35:21,20,0.024549,10.590023,2776928
2026-06-02 18:35:21,20,0.026122,9.936417,2776928
2026-06-02 18:35:21,20,0.023787,11.281950,2776928
2026-06-02 18:35:21,20,0.028131,10.849488,2776928
2026-06-02 18:35:21,20,0.035609,9.948124,2776928
2026-06-02 18:35:21,20,0.025915,11.320898,2776928
2026-06-02 18:35:21,20,0.027741,10.820694,2776928
2026-06-02 18:35:21,20,0.025777,10.135897,2776928
2026-06-02 18:35:21,20,0.024643,11.108355,2776928
2026-06-02 18:35:21,20,0.025264,10.737953,2776928
2026-06-02 18:35:21,20,0.023083,10.022402,2776928
2026-06-02 18:35:21,20,0.026388,11.168201,2776928
2026-06-02 18:35:21,20,0.024905,10.892115,2776928
2026-06-02 18:35:21,20,0.026408,10.013483,2776928
2026-06-02 18:35:21,20,0.026366,11.466929,2776928
2026-06-02 18:35:21,20,0.027067,10.879533,2776928
2026-06-02 18:35:21,20,0.026499,10.398800,2776928
2026-06-02 18:35:21,20,0.025787,11.605313,2776928
2026-06-02 18:35:21,20,0.024723,10.849915,2776928
2026-06-02 18:35:21,20,0.024916,10.014358,2776928
2026-06-02 18:35:21,20,0.024881,11.441122,2776928
2026-06-02 18:35:21,20,0.024516,10.779983,2776928
2026-06-02 18:35:21,20,0.025132,10.116468,2776928
2026-06-02 18:35:21,20,0.024499,11.499479,2776928
2026-06-02 18:35:21,20,0.023690,10.419133,2776928
2026-06-02 18:35:21,20,0.025581,9.879825,2776928
2026-06-02 18:35:21,20,0.023058,10.808279,2776928
2026-06-02 18:35:21,20,0.024675,10.655813,2776928
2026-06-02 18:35:21,20,0.028154,11.086393,2776928
2026-06-02 18:35:21,20,0.028227,13.160967,2776928
2026-06-02 18:35:21,20,0.028293,11.929951,2776928
2026-06-02 18:35:21,20,0.025539,14.907853,2776928
2026-06-02 18:35:21,20,0.024344,10.413981,2776928
2026-06-02 18:35:21,20,0.022616,9.556632,2776928
2026-06-02 18:35:21,20,0.022201,8.815126,2776928
2026-06-02 18:35:21,20,0.021993,11.259044,2776928
2026-06-02 18:35:21,20,0.027710,10.870208,2776928
2026-06-02 18:35:21,20,0.024852,10.066801,2776928
2026-06-02 18:35:21,20,0.021865,9.770446,2776928
2026-06-02 18:35:21,20,0.024109,9.807425,2776928
2026-06-02 18:35:21,20,0.032170,10.658552,2776928
2026-06-02 18:35:21,20,0.024232,13.363014,2776928
2026-06-02 18:35:21,20,0.027228,10.486538,2776928
2026-06-02 18:35:21,20,0.021658,8.959992,2776928
2026-06-02 18:35:21,20,0.021216,10.083820,2776928
2026-06-02 18:35:21,20,0.021851,9.605863,2776928
2026-06-02 18:35:21,20,0.021775,9.057462,2776928
2026-06-02 18:35:21,20,0.021485,9.900981,2776928
2026-06-02 18:35:21,20,0.020802,9.445839,2776928
2026-06-02 18:35:21,20,0.022265,8.859260,2776928
2026-06-02 18:35:21,20,0.021753,11.343773,2776928
2026-06-02 18:35:21,20,0.027484,10.255748,2776928
2026-06-02 18:35:21,20,0.022311,8.742654,2776928
2026-06-02 18:35:21,20,0.020996,9.905802,2776928
2026-06-02 18:35:21,20,0.021841,9.509320,2776928
2026-06-02 18:35:21,20,0.019960,8.226825,2776928
2026-06-02 18:35:21,20,0.020429,9.322452,2776928
2026-06-02 18:35:21,20,0.019884,8.902665,2776928
2026-06-02 18:35:21,20,0.020168,8.257372,2776928
2026-06-02 18:35:21,20,0.019822,9.249159,2776928
2026-06-02 18:35:21,20,0.020750,8.899978,2776928
2026-06-02 18:35:21,20,0.019661,8.194395,2776928
2026-06-02 18:35:21,20,0.020080,9.212355,2776928
